# time,x,y
1.761182079568729401e+09,-2.739543914794921875e+00,8.230118155479431152e-01
1.761182079638299704e+09,-2.763775348663330078e+00,8.953529596328735352e-01
1.761182079702600956e+09,-2.764982938766479492e+00,9.651088118553161621e-01
1.761182079768419743e+09,-2.823303699493408203e+00,1.085206389427185059e+00
1.761182079837290764e+09,-2.881407022476196289e+00,1.136148095130920410e+00
1.761182079901839972e+09,-2.933937549591064453e+00,1.198498368263244629e+00
1.761182079968525410e+09,-2.917546987533569336e+00,1.277729272842407227e+00
1.761182080037499905e+09,-2.926281929016113281e+00,1.406197428703308105e+00
1.761182080101924658e+09,-2.929174184799194336e+00,1.538581967353820801e+00
1.761182080168427944e+09,-2.925575733184814453e+00,1.603288173675537109e+00
1.761182080237300158e+09,-2.928894042968750000e+00,1.660403490066528320e+00
1.761182080301864624e+09,-2.920546293258666992e+00,1.789106607437133789e+00
1.761182080368490696e+09,-2.918226242065429688e+00,1.860127925872802734e+00
1.761182080436972380e+09,-2.862461566925048828e+00,1.920581340789794922e+00
1.761182080568468094e+09,-2.775571346282958984e+00,2.086915969848632812e+00
1.761182080701731443e+09,-2.679789304733276367e+00,2.233353853225708008e+00
1.761182081037169456e+09,-2.399346351623535156e+00,2.607703208923339844e+00
1.761182081168485641e+09,-1.414822220802307129e+00,-5.567214488983154297e-01
1.761182081168485641e+09,-2.297286033630371094e+00,2.690696954727172852e+00
1.761182081237950087e+09,-2.200863599777221680e+00,2.706738710403442383e+00
1.761182081302145004e+09,-2.089239120483398438e+00,2.733337879180908203e+00
1.761182081368472099e+09,-2.041529893875122070e+00,2.735288381576538086e+00
1.761182081437222004e+09,-1.982680797576904297e+00,2.749585866928100586e+00
1.761182081501740217e+09,-1.843819499015808105e+00,2.814728498458862305e+00
1.761182081568525553e+09,-1.761389017105102539e+00,2.848222494125366211e+00
1.761182081637270212e+09,-1.678877472877502441e+00,2.847524642944335938e+00
1.761182081701772213e+09,-1.615033507347106934e+00,2.858321666717529297e+00
1.761182081768546343e+09,-1.550278186798095703e+00,2.904828786849975586e+00
1.761182081837541819e+09,-1.423131585121154785e+00,2.895122528076171875e+00
1.761182081901805401e+09,-1.284477949142456055e+00,2.934861660003662109e+00
1.761182081968462944e+09,-1.187029480934143066e+00,2.937716722488403320e+00
1.761182082037093639e+09,-1.087788462638854980e+00,2.933277606964111328e+00
1.761182082101808310e+09,-9.852123260498046875e-01,2.921255826950073242e+00
1.761182082168490171e+09,-8.936878442764282227e-01,2.917725324630737305e+00
1.761182082237462997e+09,-8.106595873832702637e-01,2.906281709671020508e+00
1.761182082301808834e+09,-7.087392807006835938e-01,2.918491125106811523e+00
1.761182082368448019e+09,-6.041074991226196289e-01,2.878816366195678711e+00
1.761182082437587976e+09,-5.121278166770935059e-01,2.873040437698364258e+00
1.761182082501744270e+09,-4.166530966758728027e-01,2.888976335525512695e+00
1.761182082568416595e+09,-2.995589673519134521e-01,2.869628190994262695e+00
1.761182082638110161e+09,-2.183650434017181396e-01,2.861476421356201172e+00
1.761182082701767206e+09,-1.357369869947433472e-01,2.868291378021240234e+00
1.761182082768431187e+09,-4.021906293928623199e-03,2.831631183624267578e+00
1.761182082838892698e+09,8.183630555868148804e-02,2.827921390533447266e+00
1.761182082901829720e+09,3.750219196081161499e-02,2.837765455245971680e+00
1.761182082968487978e+09,2.590081691741943359e-01,2.839569568634033203e+00
1.761182083037336826e+09,3.799221217632293701e-01,2.814682960510253906e+00
1.761182083101796389e+09,4.453313946723937988e-01,2.823758602142333984e+00
1.761182083168452263e+09,3.738670945167541504e-01,2.850918531417846680e+00
1.761182083237450361e+09,6.326009631156921387e-01,2.823186635971069336e+00
1.761182083301810980e+09,7.391111254692077637e-01,2.826214075088500977e+00
1.761182083368459702e+09,7.153714299201965332e-01,2.818940639495849609e+00
1.761182083368459702e+09,7.163877487182617188e-01,3.364839553833007812e+00
1.761182083438378572e+09,8.203819394111633301e-01,2.825178861618041992e+00
1.761182083438378572e+09,7.756365537643432617e-01,3.399556636810302734e+00
1.761182083501738071e+09,9.359140396118164062e-01,2.831484079360961914e+00
1.761182083568379402e+09,1.023256659507751465e+00,2.821993350982666016e+00
1.761182083637420654e+09,1.286492824554443359e+00,2.856508493423461914e+00
1.761182083701766491e+09,1.229165315628051758e+00,2.855875015258789062e+00
1.761182083768429279e+09,1.337975621223449707e+00,2.841824769973754883e+00
1.761182083837559223e+09,1.559712052345275879e+00,2.829146862030029297e+00
1.761182083901810646e+09,1.666398048400878906e+00,2.811651945114135742e+00
1.761182083968493700e+09,1.739428281784057617e+00,2.790299415588378906e+00
1.761182084037285805e+09,1.846897363662719727e+00,2.800035476684570312e+00
1.761182084101793289e+09,1.957378149032592773e+00,2.786460161209106445e+00
1.761182084168450832e+09,2.041454315185546875e+00,2.778630971908569336e+00
1.761182084236972094e+09,2.166954517364501953e+00,2.781856536865234375e+00
1.761182084301790714e+09,2.279593706130981445e+00,2.772314310073852539e+00
1.761182084368549824e+09,2.358300209045410156e+00,2.745473623275756836e+00
1.761182084436985731e+09,2.438389301300048828e+00,2.727772474288940430e+00
1.761182084501769781e+09,2.605452060699462891e+00,2.727114915847778320e+00
1.761182084568614960e+09,2.702214479446411133e+00,2.704175472259521484e+00
1.761182084637042761e+09,2.786355733871459961e+00,2.689269065856933594e+00
1.761182084701807022e+09,2.892913103103637695e+00,2.656286239624023438e+00
1.761182084768533230e+09,2.970243453979492188e+00,2.625090122222900391e+00
1.761182084837446928e+09,3.047929286956787109e+00,2.591238498687744141e+00
1.761182084901966810e+09,3.143566846847534180e+00,2.541275501251220703e+00
1.761182084968498945e+09,3.208940744400024414e+00,2.497371435165405273e+00
1.761182085037339926e+09,3.277055263519287109e+00,2.453995466232299805e+00
1.761182085101794004e+09,3.369041204452514648e+00,2.389771223068237305e+00
1.761182085168463945e+09,3.437680482864379883e+00,2.326692819595336914e+00
1.761182085236846924e+09,3.567203283309936523e+00,2.300886869430541992e+00
1.761182085437521696e+09,3.784339189529418945e+00,2.118790149688720703e+00
1.761182085701690435e+09,3.986413955688476562e+00,1.806490063667297363e+00
1.761182085768408298e+09,4.018311500549316406e+00,1.729454159736633301e+00
1.761182085838381052e+09,4.042884349822998047e+00,1.655799508094787598e+00
1.761182085901778698e+09,4.065798282623291016e+00,1.565202355384826660e+00
1.761182085968431473e+09,4.066446781158447266e+00,1.494457364082336426e+00
1.761182086036941290e+09,4.060283660888671875e+00,1.409616827964782715e+00
1.761182086101749659e+09,4.083251953125000000e+00,1.290145039558410645e+00
1.761182086168405056e+09,4.068694114685058594e+00,1.207745790481567383e+00
1.761182086237057447e+09,4.092657566070556641e+00,1.117333531379699707e+00
1.761182086301756144e+09,4.085576534271240234e+00,1.022154688835144043e+00
1.761182086368503094e+09,4.049389362335205078e+00,9.505777955055236816e-01
1.761182086436901093e+09,4.016653060913085938e+00,8.748896121978759766e-01
1.761182086501704216e+09,3.977300882339477539e+00,7.895517349243164062e-01
1.761182086701823711e+09,3.919353961944580078e+00,5.565921664237976074e-01
1.761182086901745319e+09,3.781195402145385742e+00,3.841652274131774902e-01
1.761182087168583870e+09,3.528577327728271484e+00,1.498467922210693359e-01
1.761182087237059593e+09,3.479307174682617188e+00,8.252758532762527466e-02
1.761182087301797152e+09,3.399659872055053711e+00,5.768451467156410217e-02
1.761182087368466377e+09,3.277494192123413086e+00,3.935098275542259216e-02
1.761182087436862230e+09,3.170544624328613281e+00,-3.274129331111907959e-02
1.761182087501744032e+09,3.074116468429565430e+00,-4.754542931914329529e-02
1.761182087568444490e+09,2.985544681549072266e+00,-6.405304372310638428e-02
1.761182087637615681e+09,2.910710334777832031e+00,-5.792675167322158813e-02
1.761182087701761484e+09,2.823048830032348633e+00,-1.144621819257736206e-01
1.761182087768461704e+09,2.752200365066528320e+00,-8.695250749588012695e-02
1.761182087836920977e+09,2.654507637023925781e+00,-1.273191720247268677e-01
1.761182087901782990e+09,2.537418603897094727e+00,-1.823999285697937012e-01
1.761182087968525410e+09,2.444816827774047852e+00,-2.019314020872116089e-01
1.761182088036730051e+09,2.347195386886596680e+00,-2.024594396352767944e-01
1.761182088101804256e+09,2.236693382263183594e+00,-1.976087689399719238e-01
1.761182088168418169e+09,2.141483545303344727e+00,-2.170009911060333252e-01
1.761182088237575769e+09,2.149481773376464844e+00,-2.390008866786956787e-01
1.761182088301778078e+09,2.020246744155883789e+00,-2.468758523464202881e-01
1.761182088368419170e+09,1.932603478431701660e+00,-2.605053186416625977e-01
1.761182088437795639e+09,1.839901208877563477e+00,-2.572298049926757812e-01
1.761182088501772165e+09,1.720359086990356445e+00,-2.433629184961318970e-01
1.761182088568445206e+09,1.630655407905578613e+00,-2.509465813636779785e-01
1.761182088637663841e+09,1.544005036354064941e+00,-2.445335984230041504e-01
1.761182088701774597e+09,1.429084897041320801e+00,-2.447162419557571411e-01
1.761182088768424511e+09,1.332125544548034668e+00,-2.418480217456817627e-01
1.761182088838000774e+09,1.238147735595703125e+00,-2.442961633205413818e-01
1.761182088901738644e+09,1.129079937934875488e+00,-2.341012805700302124e-01
1.761182088968523741e+09,9.105942845344543457e-01,-2.122870832681655884e-01
1.761182089038092136e+09,8.339679837226867676e-01,-2.222440689802169800e-01
1.761182089101779938e+09,7.765526771545410156e-01,-2.134335339069366455e-01
1.761182089168975830e+09,6.578993201255798340e-01,-1.803432255983352661e-01
1.761182089238866329e+09,5.608502030372619629e-01,-1.712678968906402588e-01
1.761182089301725864e+09,4.530026316642761230e-01,-1.791015118360519409e-01
1.761182089368392467e+09,3.226213753223419189e-01,-1.730294376611709595e-01
1.761182089437284946e+09,3.382860124111175537e-01,-1.880785375833511353e-01
1.761182089501804590e+09,2.171716839075088501e-01,-1.995905935764312744e-01
1.761182089568423748e+09,1.153340861201286316e-01,-1.725267767906188965e-01
1.761182089637444496e+09,2.344501204788684845e-02,-1.670363098382949829e-01
1.761182089701797009e+09,-9.366944432258605957e-02,-1.705450713634490967e-01
1.761182089768462420e+09,-1.759236603975296021e-01,-1.642461866140365601e-01
1.761182089837350130e+09,-2.538549304008483887e-01,-1.688946932554244995e-01
1.761182089901735067e+09,-3.467696011066436768e-01,-1.494907885789871216e-01
1.761182089968369007e+09,-6.096861958503723145e-01,-1.480710655450820923e-01
1.761182090037702560e+09,-7.034733891487121582e-01,-1.471415907144546509e-01
1.761182090101788998e+09,-7.912114262580871582e-01,-1.416712701320648193e-01
1.761182090168401241e+09,-8.652916550636291504e-01,-1.345117241144180298e-01
1.761182090237449884e+09,-9.381257891654968262e-01,-1.331585794687271118e-01
1.761182090301819324e+09,-1.026041150093078613e+00,-1.134358644485473633e-01
1.761182090368431568e+09,-1.079309701919555664e+00,-9.006968140602111816e-02
1.761182090437454224e+09,-1.193659782409667969e+00,-1.017767935991287231e-01
1.761182090501824617e+09,-1.317905306816101074e+00,-9.027142077684402466e-02
1.761182090568406343e+09,-1.416903018951416016e+00,-4.556795954704284668e-02
1.761182090636889458e+09,-1.494947314262390137e+00,2.496040659025311470e-03
1.761182090701789618e+09,-1.672569274902343750e+00,-3.894884604960680008e-03
1.761182090768430233e+09,-1.750743150711059570e+00,2.399361319839954376e-02
1.761182090837212563e+09,-1.820113301277160645e+00,5.963686853647232056e-02
1.761182090968412399e+09,-1.942604660987854004e+00,1.394671350717544556e-01
1.761182091038427830e+09,-2.081059455871582031e+00,1.768367290496826172e-01
1.761182091101788759e+09,-2.182300090789794922e+00,2.307710200548171997e-01
1.761182091168385983e+09,-2.227858066558837891e+00,2.778322100639343262e-01
1.761182091236988306e+09,-2.283915758132934570e+00,3.484378159046173096e-01
1.761182091301830292e+09,-2.398945331573486328e+00,3.770519793033599854e-01
1.761182091368511677e+09,-2.456383228302001953e+00,4.446372389793395996e-01
1.761182091437179565e+09,-2.505196094512939453e+00,5.238938331604003906e-01
1.761182091501851082e+09,-2.564253091812133789e+00,6.115599870681762695e-01
1.761182091636933804e+09,-2.694688558578491211e+00,7.413929700851440430e-01
1.761182091701814175e+09,-2.742961168289184570e+00,8.355181813240051270e-01
1.761182091768420219e+09,-2.760249376296997070e+00,9.067573547363281250e-01
1.761182091836914062e+09,-2.777184247970581055e+00,9.826414585113525391e-01
1.761182091901828051e+09,-2.792838096618652344e+00,1.070083856582641602e+00
1.761182091968414307e+09,-2.863193988800048828e+00,1.145322084426879883e+00
1.761182092037182331e+09,-2.902163743972778320e+00,1.194332361221313477e+00
1.761182092101753712e+09,-2.957360506057739258e+00,1.311168670654296875e+00
1.761182092168488741e+09,-2.939715623855590820e+00,1.418231129646301270e+00
1.761182092237640381e+09,-2.935246467590332031e+00,1.507838487625122070e+00
1.761182092301718950e+09,-2.943310976028442383e+00,1.582389473915100098e+00
1.761182092368487835e+09,-2.948115348815917969e+00,1.670032978057861328e+00
1.761182092437027454e+09,-2.899479150772094727e+00,1.763909101486206055e+00
1.761182092501783609e+09,-2.855543136596679688e+00,1.847526550292968750e+00
1.761182092568443298e+09,-2.831155776977539062e+00,1.914719343185424805e+00
1.761182092637109995e+09,-2.797277927398681641e+00,2.013857603073120117e+00
1.761182092768473864e+09,-2.720719814300537109e+00,2.158014535903930664e+00
1.761182092837075472e+09,-2.683471918106079102e+00,2.216086864471435547e+00
1.761182092901797056e+09,-2.634950160980224609e+00,2.273098230361938477e+00
1.761182092968489408e+09,-2.564192295074462891e+00,2.367568969726562500e+00
1.761182093037519693e+09,-2.530151844024658203e+00,2.391158342361450195e+00
1.761182093101840258e+09,-2.498708724975585938e+00,2.510655641555786133e+00
1.761182093168427467e+09,-2.413366079330444336e+00,2.552483797073364258e+00
1.761182093301780701e+09,-2.245736360549926758e+00,2.646060228347778320e+00
1.761182093368556738e+09,-2.172232627868652344e+00,2.683171033859252930e+00
1.761182093437859058e+09,-2.102196455001831055e+00,2.716597557067871094e+00
1.761182093501805544e+09,-2.033677339553833008e+00,2.729248762130737305e+00
1.761182093568506002e+09,-1.930769443511962891e+00,2.779968023300170898e+00
1.761182093638044119e+09,-1.953172445297241211e+00,-4.076236486434936523e-01
1.761182093638044119e+09,-1.871038436889648438e+00,2.830336570739746094e+00
1.761182093701731682e+09,-1.758072257041931152e+00,2.838878393173217773e+00
1.761182093768495083e+09,-1.676039814949035645e+00,2.871455430984497070e+00
1.761182093837279558e+09,-1.578417420387268066e+00,2.859190225601196289e+00
1.761182093901795149e+09,-1.520055890083312988e+00,2.869948148727416992e+00
1.761182093968493462e+09,-1.462605476379394531e+00,2.879136562347412109e+00
1.761182094037245274e+09,-1.332152843475341797e+00,2.918717384338378906e+00
1.761182094102003336e+09,-1.153541564941406250e+00,2.934042692184448242e+00
1.761182094168383360e+09,-1.059404611587524414e+00,2.939355611801147461e+00
1.761182094237469435e+09,-9.742172956466674805e-01,2.919629573822021484e+00
1.761182094302988529e+09,-8.636615276336669922e-01,2.897865056991577148e+00
1.761182094368444920e+09,-7.846838235855102539e-01,2.913451433181762695e+00
1.761182094437562943e+09,-7.068834900856018066e-01,2.907854795455932617e+00
1.761182094501837730e+09,-6.173280477523803711e-01,2.881488323211669922e+00
1.761182094568415165e+09,-5.135376453399658203e-01,2.897190093994140625e+00
1.761182094637656450e+09,-3.898013532161712646e-01,2.858299970626831055e+00
1.761182094701810598e+09,-2.783662974834442139e-01,2.845284938812255859e+00
1.761182094768391848e+09,-2.007027268409729004e-01,2.864606142044067383e+00
1.761182094837969542e+09,-1.035232543945312500e-01,2.862067461013793945e+00
1.761182094901777029e+09,-2.103970572352409363e-02,2.856199264526367188e+00
1.761182094968401909e+09,-2.107150480151176453e-02,2.824310541152954102e+00
1.761182095037507772e+09,1.889440119266510010e-01,2.845123767852783203e+00
1.761182095101823568e+09,2.847725749015808105e-01,2.836245775222778320e+00
1.761182095168418884e+09,2.246478646993637085e-01,2.840423583984375000e+00
1.761182095238261223e+09,4.285431802272796631e-01,2.833042383193969727e+00
1.761182095301979780e+09,5.264245867729187012e-01,2.825767517089843750e+00
1.761182095368447304e+09,5.032884478569030762e-01,2.840762615203857422e+00
1.761182095437559843e+09,7.618753910064697266e-01,2.822631597518920898e+00
1.761182095501944780e+09,8.892882466316223145e-01,2.817947626113891602e+00
1.761182095568418980e+09,9.751982092857360840e-01,2.815258264541625977e+00
1.761182095637825012e+09,1.069937825202941895e+00,2.807206869125366211e+00
1.761182095701771259e+09,1.170752525329589844e+00,2.808869361877441406e+00
1.761182095768406868e+09,1.292990684509277344e+00,2.826406478881835938e+00
1.761182095837489605e+09,1.243033647537231445e+00,2.831989049911499023e+00
1.761182095902431965e+09,1.356673479080200195e+00,2.820450782775878906e+00
1.761182095968420506e+09,1.577319741249084473e+00,2.815366506576538086e+00
1.761182096038223028e+09,1.660917043685913086e+00,2.804301500320434570e+00
1.761182096101773024e+09,1.799201726913452148e+00,2.826319217681884766e+00
1.761182096168459654e+09,1.888382434844970703e+00,2.815050125122070312e+00
1.761182096237450123e+09,1.974708914756774902e+00,2.799182176589965820e+00
1.761182096301802635e+09,1.940280437469482422e+00,2.790261745452880859e+00
1.761182096437406778e+09,2.291004419326782227e+00,2.782567501068115234e+00
1.761182096501820087e+09,2.411938428878784180e+00,2.762118816375732422e+00
1.761182096568514347e+09,2.491585254669189453e+00,2.745403289794921875e+00
1.761182096637799501e+09,2.571952819824218750e+00,2.713849544525146484e+00
1.761182096768450737e+09,2.738326787948608398e+00,2.662586450576782227e+00
1.761182096837606430e+09,2.850701570510864258e+00,2.642969846725463867e+00
1.761182096968430281e+09,3.033983230590820312e+00,2.573679447174072266e+00
1.761182097037806273e+09,3.118855237960815430e+00,2.532350540161132812e+00
1.761182097101810455e+09,3.204850435256958008e+00,2.491941690444946289e+00
1.761182097168567419e+09,3.255645275115966797e+00,2.448995351791381836e+00
1.761182097237368345e+09,3.396458864212036133e+00,2.427726030349731445e+00
1.761182097301841259e+09,3.516107559204101562e+00,2.371078252792358398e+00
1.761182097368396759e+09,3.599543333053588867e+00,2.321986675262451172e+00
1.761182097437125683e+09,3.532662630081176758e+00,2.243065834045410156e+00
1.761182097502067089e+09,3.663848876953125000e+00,2.159622669219970703e+00
1.761182097568496943e+09,3.708500385284423828e+00,2.075630426406860352e+00
1.761182097701853991e+09,3.870349884033203125e+00,1.985664844512939453e+00
1.761182097837357998e+09,3.966154336929321289e+00,1.823203563690185547e+00
1.761182097901932240e+09,4.006654262542724609e+00,1.726640224456787109e+00
1.761182097968497992e+09,4.037581443786621094e+00,1.654426097869873047e+00
1.761182098037039280e+09,4.052130699157714844e+00,1.585295319557189941e+00
1.761182098101808786e+09,4.042090892791748047e+00,1.515661835670471191e+00
1.761182098168541193e+09,4.050364017486572266e+00,1.411455869674682617e+00
1.761182098237590551e+09,4.058237552642822266e+00,1.309196352958679199e+00
1.761182098301986694e+09,4.092637538909912109e+00,1.193440079689025879e+00
1.761182098368475437e+09,4.094445705413818359e+00,1.110633492469787598e+00
1.761182098437020779e+09,4.061228275299072266e+00,9.981292486190795898e-01
1.761182098501902580e+09,4.034482479095458984e+00,9.179040193557739258e-01
1.761182098568404675e+09,4.009258270263671875e+00,8.596284985542297363e-01
1.761182098636952639e+09,4.025281906127929688e+00,7.752257585525512695e-01
1.761182098768447161e+09,3.958039760589599609e+00,6.671469807624816895e-01
1.761182099101860523e+09,3.679837465286254883e+00,3.150497972965240479e-01
1.761182099237018108e+09,3.593869686126708984e+00,1.903801411390304565e-01
1.761182099368515253e+09,3.457009077072143555e+00,8.680235594511032104e-02
1.761182099437361717e+09,3.358147144317626953e+00,8.195528388023376465e-02
1.761182099501809359e+09,3.270713567733764648e+00,5.849850177764892578e-02
1.761182099568428040e+09,3.190139055252075195e+00,5.065810307860374451e-02
1.761182099637034416e+09,3.102508068084716797e+00,1.619881018996238708e-02
1.761182099701779366e+09,2.999948263168334961e+00,-3.608816862106323242e-02
1.761182099768414021e+09,2.929660558700561523e+00,-7.834479957818984985e-02
1.761182099837281466e+09,2.829201221466064453e+00,-1.042537093162536621e-01
1.761182099901773930e+09,2.731862068176269531e+00,-1.154772564768791199e-01
1.761182099968431711e+09,2.625922679901123047e+00,-1.307955235242843628e-01
1.761182100037098169e+09,2.498049259185791016e+00,-1.886271536350250244e-01
1.761182100101810932e+09,2.375070333480834961e+00,-1.979526132345199585e-01
1.761182100168461084e+09,2.283559799194335938e+00,-1.963444948196411133e-01
1.761182100237015486e+09,2.189967870712280273e+00,-1.979692131280899048e-01
1.761182100301794767e+09,2.073168516159057617e+00,-1.877345740795135498e-01
1.761182100368435144e+09,1.975950956344604492e+00,-2.170216739177703857e-01
1.761182100437864780e+09,1.900548815727233887e+00,-2.059781104326248169e-01
1.761182100501811981e+09,1.933815836906433105e+00,-2.268656939268112183e-01
1.761182100568370342e+09,1.838773727416992188e+00,-2.472261041402816772e-01
1.761182100638586283e+09,1.754665374755859375e+00,-2.454452663660049438e-01
1.761182100701877594e+09,1.643625140190124512e+00,-2.487257122993469238e-01
1.761182100768376589e+09,1.549536347389221191e+00,-2.611968517303466797e-01
1.761182100838181734e+09,1.465243697166442871e+00,-2.448232769966125488e-01
1.761182100901796579e+09,1.384782314300537109e+00,-2.360234856605529785e-01
1.761182100968460321e+09,1.128547072410583496e+00,-2.335694432258605957e-01
1.761182101038035631e+09,1.029107332229614258e+00,-2.290978282690048218e-01
1.761182101101809502e+09,9.056969881057739258e-01,-2.278289049863815308e-01
1.761182101168405533e+09,8.238843083381652832e-01,-2.228515595197677612e-01
1.761182101238425255e+09,7.338060140609741211e-01,-2.330899685621261597e-01
1.761182101301809072e+09,6.438108086585998535e-01,-2.169757932424545288e-01
1.761182101368445635e+09,7.002247571945190430e-01,-1.809461563825607300e-01
1.761182101438598871e+09,6.139312386512756348e-01,-1.731693893671035767e-01
1.761182101501921892e+09,5.002807378768920898e-01,-1.712226569652557373e-01
1.761182101568418503e+09,3.699631094932556152e-01,-1.896839588880538940e-01
1.761182101638499975e+09,2.450947612524032593e-01,-1.921518445014953613e-01
1.761182101701760769e+09,1.390161514282226562e-01,-1.875637918710708618e-01
1.761182101768560171e+09,1.438047736883163452e-02,-1.846829205751419067e-01
1.761182101837844372e+09,-8.121795952320098877e-02,-1.784185916185379028e-01
1.761182101901806593e+09,-1.800881326198577881e-01,-1.744501143693923950e-01
1.761182101968430758e+09,-4.330255985260009766e-01,-1.585276424884796143e-01
1.761182102037384510e+09,-5.447039604187011719e-01,-1.544975787401199341e-01
1.761182102101752043e+09,-6.248624324798583984e-01,-1.509459763765335083e-01
1.761182102168556929e+09,-7.265852093696594238e-01,-1.470413953065872192e-01
1.761182102237879753e+09,-8.105263113975524902e-01,-1.376842409372329712e-01
1.761182102301774740e+09,-9.022549390792846680e-01,-1.347427219152450562e-01
1.761182102368502855e+09,-9.638688564300537109e-01,-1.278185695409774780e-01
1.761182102437696457e+09,-1.025617003440856934e+00,-1.104012057185173035e-01
1.761182102501779795e+09,-1.107341885566711426e+00,-9.102597832679748535e-02
1.761182102568450212e+09,-1.227083921432495117e+00,-9.915142506361007690e-02
1.761182102637355328e+09,-1.314474225044250488e+00,-8.819481730461120605e-02
1.761182102701729059e+09,-1.435561418533325195e+00,-6.790857762098312378e-02
1.761182102768442869e+09,-1.521690368652343750e+00,-1.494424045085906982e-02
1.761182102837355614e+09,-1.589372634887695312e+00,2.920721285045146942e-02
1.761182102901950359e+09,-1.745141029357910156e+00,3.467452153563499451e-02
1.761182102968454599e+09,-1.814658880233764648e+00,6.865482032299041748e-02
1.761182103101814747e+09,-2.017995834350585938e+00,1.147532463073730469e-01
1.761182103168518782e+09,-2.088135242462158203e+00,1.615583002567291260e-01
1.761182103237476826e+09,-2.158674240112304688e+00,2.185384184122085571e-01
1.761182103302036524e+09,-2.233538389205932617e+00,2.869966626167297363e-01
1.761182103368464231e+09,-2.277534246444702148e+00,3.474695384502410889e-01
1.761182103501826763e+09,-2.455355644226074219e+00,4.561476111412048340e-01
1.761182103568449497e+09,-2.493243932723999023e+00,5.205890536308288574e-01
1.761182103637346983e+09,-2.595301389694213867e+00,5.759472250938415527e-01
1.761182103701688051e+09,-2.655351877212524414e+00,6.551751494407653809e-01
1.761182103768396378e+09,-2.701081991195678711e+00,7.342200279235839844e-01
1.761182103837054968e+09,-2.738769054412841797e+00,8.186933398246765137e-01
1.761182103901963472e+09,-2.775938987731933594e+00,9.189903140068054199e-01
1.761182103968392134e+09,-2.791496992111206055e+00,9.918304085731506348e-01
1.761182104037241697e+09,-2.824848175048828125e+00,1.097688317298889160e+00
1.761182104101873636e+09,-2.888732910156250000e+00,1.143629312515258789e+00
1.761182104168450594e+09,-2.932216405868530273e+00,1.194200515747070312e+00
1.761182104237055779e+09,-2.917743682861328125e+00,1.305907130241394043e+00
1.761182104301774263e+09,-2.936370849609375000e+00,1.452978134155273438e+00
1.761182104368399858e+09,-2.935284137725830078e+00,1.545844435691833496e+00
1.761182104437052250e+09,-2.923517465591430664e+00,1.613402366638183594e+00
1.761182104501824856e+09,-2.923488140106201172e+00,1.678282141685485840e+00
1.761182104568500757e+09,-2.918014049530029297e+00,1.758567214012145996e+00
1.761182104638029814e+09,-2.909903526306152344e+00,1.832128286361694336e+00
1.761182104701841116e+09,-2.856929302215576172e+00,1.935026288032531738e+00
1.761182104768482924e+09,-2.790869712829589844e+00,2.024181365966796875e+00
1.761182104901882887e+09,-2.711810111999511719e+00,2.164253473281860352e+00
1.761182104968403101e+09,-2.670762538909912109e+00,2.210609674453735352e+00
1.761182105301784515e+09,-2.388356924057006836e+00,2.641075611114501953e+00
1.761182105437752962e+09,-1.360240578651428223e+00,-4.954952001571655273e-01
1.761182105568522453e+09,-2.103321552276611328e+00,2.737490177154541016e+00
1.761182105637042046e+09,-2.018522977828979492e+00,2.771806955337524414e+00
1.761182105701896906e+09,-1.927776098251342773e+00,2.792983770370483398e+00
1.761182105768595934e+09,-1.909036040306091309e+00,2.777450799942016602e+00
1.761182105837114811e+09,-1.784616947174072266e+00,2.830651998519897461e+00
1.761182105902282238e+09,-1.700904965400695801e+00,2.862287521362304688e+00
1.761182105968961716e+09,-1.597071886062622070e+00,2.862734317779541016e+00
1.761182106038005352e+09,-1.534718990325927734e+00,2.878116130828857422e+00
1.761182106101761341e+09,-1.462154388427734375e+00,2.915913820266723633e+00
1.761182106168603420e+09,-1.322229504585266113e+00,2.910233974456787109e+00
1.761182106237949371e+09,-1.190935015678405762e+00,2.951496362686157227e+00
1.761182106301671982e+09,-1.069963574409484863e+00,2.949541330337524414e+00
1.761182106368538380e+09,-9.746539592742919922e-01,2.937224149703979492e+00
1.761182106437142611e+09,-8.864715099334716797e-01,2.932812213897705078e+00
1.761182106501727819e+09,-7.916982769966125488e-01,2.917443037033081055e+00
1.761182106568465233e+09,-6.979930996894836426e-01,2.909335851669311523e+00
1.761182106636725903e+09,-6.187995076179504395e-01,2.915401935577392578e+00
1.761182106701830864e+09,-4.999482333660125732e-01,2.861693620681762695e+00
1.761182106768457174e+09,-4.119154512882232666e-01,2.853791475296020508e+00
1.761182106837188244e+09,-3.294456303119659424e-01,2.865388393402099609e+00
1.761182106901772976e+09,-2.146809250116348267e-01,2.871525049209594727e+00
1.761182106968449831e+09,-9.810526669025421143e-02,2.873579740524291992e+00
1.761182107037468672e+09,-2.212821319699287415e-02,2.865993976593017578e+00
1.761182107101778030e+09,1.069830730557441711e-01,2.829856157302856445e+00
1.761182107168447733e+09,4.324570298194885254e-02,2.848452329635620117e+00
1.761182107238341331e+09,2.584063112735748291e-01,2.841722965240478516e+00
1.761182107301951885e+09,3.620634973049163818e-01,2.812044143676757812e+00
1.761182107368543148e+09,2.778175771236419678e-01,2.829634666442871094e+00
1.761182107437490225e+09,5.390322804450988770e-01,2.800730705261230469e+00
1.761182107501748323e+09,6.523116230964660645e-01,2.803439140319824219e+00
1.761182107568535566e+09,7.518990039825439453e-01,2.792201995849609375e+00
1.761182107637240171e+09,7.272905707359313965e-01,2.815185546875000000e+00
1.761182107701836109e+09,8.565848469734191895e-01,2.827406883239746094e+00
1.761182107768434048e+09,1.008278250694274902e+00,2.856596708297729492e+00
1.761182107837489128e+09,1.246823668479919434e+00,2.863483667373657227e+00
1.761182107901790142e+09,1.361354589462280273e+00,2.859117031097412109e+00
1.761182107968498230e+09,1.445250749588012695e+00,2.860690355300903320e+00
1.761182108038312435e+09,1.385516285896301270e+00,2.854258060455322266e+00
1.761182108101808310e+09,1.630501747131347656e+00,2.850987911224365234e+00
1.761182108168549299e+09,1.710260987281799316e+00,2.829181432723999023e+00
1.761182108237399340e+09,1.791288495063781738e+00,2.815161228179931641e+00
1.761182108301807642e+09,1.881316065788269043e+00,2.790099620819091797e+00
1.761182108368524790e+09,1.994328379631042480e+00,2.802346706390380859e+00
1.761182108436718941e+09,2.082514762878417969e+00,2.787859678268432617e+00
1.761182108501695871e+09,2.186114549636840820e+00,2.769931793212890625e+00
1.761182108568522930e+09,2.316332578659057617e+00,2.773455381393432617e+00
1.761182108637012720e+09,2.413018703460693359e+00,2.757066488265991211e+00
1.761182108837085724e+09,2.675880670547485352e+00,2.682673692703247070e+00
1.761182108901837826e+09,2.812437295913696289e+00,2.677805900573730469e+00
1.761182109036936760e+09,2.964314460754394531e+00,2.625016212463378906e+00
1.761182109101829529e+09,3.033546209335327148e+00,2.593293428421020508e+00
1.761182109168440580e+09,3.135205030441284180e+00,2.545309066772460938e+00
1.761182109237097740e+09,3.111115455627441406e+00,2.472368240356445312e+00
1.761182109368468285e+09,3.364446640014648438e+00,2.392600297927856445e+00
1.761182109501801968e+09,3.572686672210693359e+00,2.293872833251953125e+00
1.761182109568451881e+09,3.632083415985107422e+00,2.248194932937622070e+00
1.761182109636835814e+09,3.696630239486694336e+00,2.188986063003540039e+00
1.761182109702068090e+09,3.775655746459960938e+00,2.113528490066528320e+00
1.761182109768449545e+09,3.832760810852050781e+00,2.056445121765136719e+00
1.761182109837220907e+09,3.889357328414916992e+00,1.988499283790588379e+00
1.761182109968519688e+09,3.950690269470214844e+00,1.810349225997924805e+00
1.761182110036911488e+09,4.009177207946777344e+00,1.750368356704711914e+00
1.761182110102588654e+09,4.056223869323730469e+00,1.652398705482482910e+00
1.761182110168456316e+09,4.049363613128662109e+00,1.585370063781738281e+00
1.761182110237274170e+09,4.060111999511718750e+00,1.491426706314086914e+00
1.761182110301774263e+09,4.086536407470703125e+00,1.375358939170837402e+00
1.761182110368447304e+09,4.085012435913085938e+00,1.291849374771118164e+00
1.761182110437144756e+09,4.073010444641113281e+00,1.201948523521423340e+00
1.761182110502285480e+09,4.113871574401855469e+00,1.152411460876464844e+00
1.761182110568442345e+09,4.106848716735839844e+00,1.090725421905517578e+00
1.761182110637094259e+09,4.068330287933349609e+00,9.862025380134582520e-01
1.761182110701802731e+09,4.039101600646972656e+00,8.880560994148254395e-01
1.761182110768477678e+09,3.997070550918579102e+00,8.169883489608764648e-01
1.761182110968435049e+09,3.885463953018188477e+00,5.781518816947937012e-01
1.761182111168387413e+09,3.778800249099731445e+00,4.070026278495788574e-01
1.761182111236999989e+09,3.722811937332153320e+00,3.161273598670959473e-01
1.761182111301855087e+09,3.653058290481567383e+00,2.799969613552093506e-01
1.761182111501829624e+09,3.442978620529174805e+00,8.896833658218383789e-02
1.761182111568554878e+09,3.354489326477050781e+00,7.680446654558181763e-02
1.761182111637141705e+09,3.251173496246337891e+00,1.007618475705385208e-02
1.761182111702096939e+09,3.158075332641601562e+00,-2.514947392046451569e-02
1.761182111768467903e+09,3.100236177444458008e+00,-2.877738699316978455e-02
1.761182111836775064e+09,3.010444164276123047e+00,-5.323508754372596741e-02
1.761182111901800632e+09,2.923923969268798828e+00,-8.570531010627746582e-02
1.761182111968406439e+09,2.841267347335815430e+00,-6.413346529006958008e-02
1.761182112036934137e+09,2.748480796813964844e+00,-1.059296354651451111e-01
1.761182112101770163e+09,2.621133565902709961e+00,-1.655595898628234863e-01
1.761182112168394089e+09,2.527174234390258789e+00,-1.867204755544662476e-01
1.761182112237045050e+09,2.438374757766723633e+00,-1.524146199226379395e-01
1.761182112301773310e+09,2.348943233489990234e+00,-1.770946085453033447e-01
1.761182112368512869e+09,2.246174335479736328e+00,-1.846572309732437134e-01
1.761182112436895847e+09,2.137517690658569336e+00,-1.944852471351623535e-01
1.761182112502591610e+09,2.015500068664550781e+00,-2.150804251432418823e-01
1.761182112568399191e+09,1.903124690055847168e+00,-2.483333498239517212e-01
1.761182112637199402e+09,1.947108983993530273e+00,-2.322064489126205444e-01
1.761182112701770067e+09,1.843679904937744141e+00,-2.443591505289077759e-01
1.761182112768386126e+09,1.756220817565917969e+00,-2.374949902296066284e-01
1.761182112837377310e+09,1.665972471237182617e+00,-2.494675517082214355e-01
1.761182112901935101e+09,1.581863760948181152e+00,-2.544869780540466309e-01
1.761182112968414545e+09,1.468999505043029785e+00,-2.459434568881988525e-01
1.761182113037436247e+09,1.378309607505798340e+00,-2.333858311176300049e-01
1.761182113101772785e+09,1.296130061149597168e+00,-2.259626239538192749e-01
1.761182113168437958e+09,1.025050401687622070e+00,-2.223795056343078613e-01
1.761182113237442255e+09,9.254222512245178223e-01,-2.221156805753707886e-01
1.761182113301828146e+09,8.320506811141967773e-01,-2.257634550333023071e-01
1.761182113368448257e+09,7.153934836387634277e-01,-2.253269106149673462e-01
1.761182113437765837e+09,6.100325584411621094e-01,-2.237627059221267700e-01
1.761182113501810312e+09,6.398395299911499023e-01,-2.450628727674484253e-01
1.761182113568470955e+09,3.861635625362396240e-01,-2.040143460035324097e-01
1.761182113637394428e+09,4.554068446159362793e-01,-1.770087927579879761e-01
1.761182113701751709e+09,3.886868655681610107e-01,-1.674864888191223145e-01
1.761182113768399000e+09,2.515065670013427734e-01,-1.840901523828506470e-01
1.761182113837491274e+09,1.497796028852462769e-01,-1.822185963392257690e-01
1.761182113901757717e+09,5.696357041597366333e-02,-1.784652024507522583e-01
1.761182113968480825e+09,-6.056146323680877686e-02,-1.752694845199584961e-01
1.761182114038778305e+09,-1.374942213296890259e-01,-1.783787012100219727e-01
1.761182114101757526e+09,-2.373396754264831543e-01,-1.648644059896469116e-01
1.761182114168395996e+09,-3.673942685127258301e-01,-1.619330644607543945e-01
1.761182114237419605e+09,-5.962051153182983398e-01,-1.591884195804595947e-01
1.761182114301742315e+09,-6.715947389602661133e-01,-1.556425392627716064e-01
1.761182114368405104e+09,-7.670102715492248535e-01,-1.493922322988510132e-01
1.761182114437329769e+09,-8.341515064239501953e-01,-1.329509764909744263e-01
1.761182114501784801e+09,-9.010575413703918457e-01,-1.164682954549789429e-01
1.761182114568453312e+09,-1.049656867980957031e+00,-1.271063983440399170e-01
1.761182114637196064e+09,-1.142677903175354004e+00,-1.174333170056343079e-01
1.761182114701725483e+09,-1.231104850769042969e+00,-1.172008514404296875e-01
1.761182114768421650e+09,-1.345366716384887695e+00,-9.320091456174850464e-02
1.761182114836863756e+09,-1.437676906585693359e+00,-3.971529006958007812e-02
1.761182114901733398e+09,-1.513322234153747559e+00,-8.356029167771339417e-03
1.761182114968494892e+09,-1.678426146507263184e+00,2.642923966050148010e-03
1.761182115036934376e+09,-1.752679944038391113e+00,1.950054802000522614e-02
1.761182115101778507e+09,-1.815107345581054688e+00,4.927942901849746704e-02
1.761182115168413162e+09,-1.901410460472106934e+00,9.596668183803558350e-02
1.761182115237564087e+09,-1.959000229835510254e+00,1.375970095396041870e-01
1.761182115301773310e+09,-2.064701080322265625e+00,1.639605015516281128e-01
1.761182115368490458e+09,-2.178756237030029297e+00,2.216089069843292236e-01
1.761182115436864138e+09,-2.220835685729980469e+00,2.647303938865661621e-01
1.761182115637131214e+09,-2.459020376205444336e+00,4.506886303424835205e-01
1.761182115701799393e+09,-2.513790130615234375e+00,5.272294878959655762e-01
1.761182115768427372e+09,-2.547471523284912109e+00,6.057096719741821289e-01
1.761182115837067127e+09,-2.635952711105346680e+00,6.659250855445861816e-01
1.761182115901800156e+09,-2.690942525863647461e+00,7.500568032264709473e-01
1.761182115968411207e+09,-2.720687150955200195e+00,8.229864835739135742e-01
1.761182116037002087e+09,-2.739044189453125000e+00,9.043254852294921875e-01
1.761182116101797581e+09,-2.853309631347656250e+00,9.876981377601623535e-01
1.761182116168417215e+09,-2.865073919296264648e+00,1.041779041290283203e+00
1.761182116237155437e+09,-2.912135839462280273e+00,1.117119908332824707e+00
1.761182116301816702e+09,-2.914825201034545898e+00,1.223171353340148926e+00
1.761182116368484974e+09,-2.918539047241210938e+00,1.306395530700683594e+00
1.761182116437325239e+09,-2.939643383026123047e+00,1.400413751602172852e+00
1.761182116501766205e+09,-2.949254989624023438e+00,1.529798984527587891e+00
1.761182116568484068e+09,-2.949137210845947266e+00,1.591531872749328613e+00
1.761182116637050629e+09,-2.953347921371459961e+00,1.613999128341674805e+00
1.761182116701756001e+09,-2.900735855102539062e+00,1.749789118766784668e+00
1.761182116768502712e+09,-2.857068777084350586e+00,1.830453515052795410e+00
1.761182116902071953e+09,-2.777294397354125977e+00,2.004514694213867188e+00
1.761182116968436718e+09,-2.744357347488403320e+00,2.071523427963256836e+00
1.761182117101764441e+09,-2.700674533843994141e+00,2.251298189163208008e+00
1.761182117168504238e+09,-2.649671077728271484e+00,2.344180345535278320e+00
1.761182117236927032e+09,-2.604927301406860352e+00,2.423273801803588867e+00
1.761182117301768780e+09,-2.508089542388916016e+00,2.481686115264892578e+00
1.761182117437103510e+09,-2.418828964233398438e+00,2.513876438140869141e+00
1.761182117501819134e+09,-2.337676048278808594e+00,2.577208757400512695e+00
1.761182117568470955e+09,-2.274407625198364258e+00,2.618978261947631836e+00
1.761182117701699734e+09,-2.139889717102050781e+00,2.765686035156250000e+00
1.761182117768458843e+09,-2.044245481491088867e+00,2.776962041854858398e+00
1.761182117837439060e+09,-1.959232687950134277e+00,2.787312507629394531e+00
1.761182117901694298e+09,-1.897754669189453125e+00,2.779750347137451172e+00
1.761182117968415737e+09,-1.982774853706359863e+00,-4.392431676387786865e-01
1.761182117968415737e+09,-1.787966251373291016e+00,2.848545074462890625e+00
1.761182118037362814e+09,-1.652326941490173340e+00,2.873987197875976562e+00
1.761182118101718664e+09,-1.558718800544738770e+00,2.891949892044067383e+00
1.761182118168433428e+09,-1.494880080223083496e+00,2.879392623901367188e+00
1.761182118237218380e+09,-1.434764385223388672e+00,2.890820741653442383e+00
1.761182118301791430e+09,-1.309749245643615723e+00,2.921237945556640625e+00
1.761182118368467331e+09,-1.203886628150939941e+00,2.903263568878173828e+00
1.761182118437551260e+09,-1.094404339790344238e+00,2.932197332382202148e+00
1.761182118501746655e+09,-9.881457686424255371e-01,2.916362762451171875e+00
1.761182118568418980e+09,-8.881583809852600098e-01,2.913876533508300781e+00
1.761182118636994123e+09,-8.195682168006896973e-01,2.930840015411376953e+00
1.761182118701739788e+09,-7.158677577972412109e-01,2.922191381454467773e+00
1.761182118768422604e+09,-6.476485133171081543e-01,2.924983739852905273e+00
1.761182118837850809e+09,-5.537384748458862305e-01,2.919900894165039062e+00
1.761182118901754141e+09,-4.624330997467041016e-01,2.939562082290649414e+00
1.761182118968470097e+09,-3.735936284065246582e-01,2.922599077224731445e+00
1.761182119038050890e+09,-2.914728522300720215e-01,2.910706281661987305e+00
1.761182119101801157e+09,-1.604319363832473755e-01,2.875904083251953125e+00
1.761182119168443680e+09,-8.865392953157424927e-02,2.888014078140258789e+00
1.761182119237828970e+09,4.087728634476661682e-02,2.830652952194213867e+00
1.761182119301765680e+09,1.594458222389221191e-01,2.816128492355346680e+00
1.761182119368407726e+09,1.029338240623474121e-01,2.816770792007446289e+00
1.761182119438031197e+09,2.396378666162490845e-01,2.780982494354248047e+00
1.761182119501791477e+09,3.591987192630767822e-01,2.780498981475830078e+00
1.761182119568418264e+09,4.332706928253173828e-01,2.780396461486816406e+00
1.761182119637776613e+09,5.050769448280334473e-01,2.791266202926635742e+00
1.761182119701656342e+09,6.155710220336914062e-01,2.784526824951171875e+00
1.761182119768405437e+09,7.330059409141540527e-01,2.802354574203491211e+00
1.761182119838359833e+09,9.887408018112182617e-01,2.823872327804565430e+00
1.761182119902174711e+09,1.108035802841186523e+00,2.841238498687744141e+00
1.761182119968406439e+09,1.210763812065124512e+00,2.846322298049926758e+00
1.761182120038669586e+09,1.302651524543762207e+00,2.849169254302978516e+00
1.761182120101769447e+09,1.404892802238464355e+00,2.844593048095703125e+00
1.761182120168402195e+09,1.339597105979919434e+00,2.832105159759521484e+00
1.761182120237590313e+09,1.415879011154174805e+00,2.818231344223022461e+00
1.761182120301844358e+09,1.655812382698059082e+00,2.805169105529785156e+00
1.761182120368399143e+09,1.728250384330749512e+00,2.796844482421875000e+00
1.761182120437984943e+09,1.843412995338439941e+00,2.804353237152099609e+00
1.761182120501766205e+09,1.964945316314697266e+00,2.792502880096435547e+00
1.761182120568420172e+09,2.050007581710815430e+00,2.778561592102050781e+00
1.761182120636986017e+09,2.194942235946655273e+00,2.793525457382202148e+00
1.761182120701740980e+09,2.317859649658203125e+00,2.774593353271484375e+00
1.761182120768418312e+09,2.399413347244262695e+00,2.757732152938842773e+00
1.761182120837789297e+09,2.480432987213134766e+00,2.742129564285278320e+00
1.761182120901791334e+09,2.574707031250000000e+00,2.709848880767822266e+00
1.761182120968424320e+09,2.649914979934692383e+00,2.685720682144165039e+00
1.761182121036806822e+09,2.769245862960815430e+00,2.682242870330810547e+00
1.761182121101972103e+09,2.880628585815429688e+00,2.654340028762817383e+00
1.761182121237277269e+09,3.044521331787109375e+00,2.584147453308105469e+00
1.761182121301732302e+09,3.143641233444213867e+00,2.534496545791625977e+00
1.761182121368412495e+09,3.211032390594482422e+00,2.492370843887329102e+00
1.761182121437026739e+09,3.278072595596313477e+00,2.444031715393066406e+00
1.761182121501632690e+09,3.364710092544555664e+00,2.382017612457275391e+00
1.761182121637222052e+09,3.545897722244262695e+00,2.305994510650634766e+00
1.761182121701759577e+09,3.547198057174682617e+00,2.234249114990234375e+00
1.761182121768406391e+09,3.702292919158935547e+00,2.180993080139160156e+00
1.761182121901737213e+09,3.844277858734130859e+00,2.049133300781250000e+00
1.761182122037070036e+09,3.951293706893920898e+00,1.900610923767089844e+00
1.761182122168430328e+09,4.023518085479736328e+00,1.732063174247741699e+00
1.761182122238825798e+09,4.054510116577148438e+00,1.652861475944519043e+00
1.761182122301707506e+09,4.044393539428710938e+00,1.582396030426025391e+00
1.761182122368472576e+09,4.073781490325927734e+00,1.471888899803161621e+00
1.761182122437525749e+09,4.077544212341308594e+00,1.389934301376342773e+00
1.761182122501708746e+09,4.077001094818115234e+00,1.293316483497619629e+00
1.761182122568532467e+09,4.105311870574951172e+00,1.221300005912780762e+00
1.761182122638330698e+09,4.126880168914794922e+00,1.169672012329101562e+00
1.761182122701715708e+09,4.101664543151855469e+00,1.035943269729614258e+00
1.761182122768395901e+09,4.077569961547851562e+00,9.503567218780517578e-01
1.761182122837524891e+09,4.049960613250732422e+00,8.731517791748046875e-01
1.761182122901764154e+09,3.994368314743041992e+00,7.786470651626586914e-01
1.761182123237673044e+09,3.862744808197021484e+00,4.602890312671661377e-01
1.761182123637608290e+09,3.397350788116455078e+00,8.480814099311828613e-02
1.761182123701749563e+09,3.314783573150634766e+00,5.310611799359321594e-02
1.761182123768394470e+09,3.231684923171997070e+00,1.103181112557649612e-02
1.761182123838259697e+09,3.142519235610961914e+00,-2.502435073256492615e-02
1.761182123901802063e+09,3.047076225280761719e+00,-3.760081157088279724e-02
1.761182123968412161e+09,3.005344390869140625e+00,-4.897201061248779297e-02
1.761182124037404537e+09,2.917401313781738281e+00,-7.494430243968963623e-02
1.761182124101819992e+09,2.826036691665649414e+00,-1.150442287325859070e-01
1.761182124168462276e+09,2.739057779312133789e+00,-1.479988694190979004e-01
1.761182124237737656e+09,2.651377916336059570e+00,-1.341385096311569214e-01
1.761182124301747322e+09,2.527694225311279297e+00,-1.495238244533538818e-01
1.761182124368453741e+09,2.410073995590209961e+00,-1.903039515018463135e-01
1.761182124436840057e+09,2.295899152755737305e+00,-1.960875093936920166e-01
1.761182124501681805e+09,2.319202661514282227e+00,-2.133928537368774414e-01
1.761182124568501949e+09,2.110980510711669922e+00,-2.156439721584320068e-01
1.761182124637605429e+09,2.119537830352783203e+00,-2.485021948814392090e-01
1.761182124701707602e+09,2.024919271469116211e+00,-2.532820403575897217e-01
1.761182124768539190e+09,1.916416168212890625e+00,-2.667706608772277832e-01
1.761182124837747812e+09,1.824844121932983398e+00,-2.561917006969451904e-01
1.761182124901802778e+09,1.719839453697204590e+00,-2.491296082735061646e-01
1.761182124968396902e+09,1.630789160728454590e+00,-2.523691654205322266e-01
1.761182125038269997e+09,1.529881715774536133e+00,-2.406473159790039062e-01
1.761182125101869583e+09,1.428833603858947754e+00,-2.286204844713211060e-01
1.761182125168731689e+09,1.334468245506286621e+00,-2.282766848802566528e-01
1.761182125237983465e+09,1.094600081443786621e+00,-2.261057496070861816e-01
1.761182125301808119e+09,9.845131039619445801e-01,-2.342832684516906738e-01
1.761182125368430376e+09,8.900375366210937500e-01,-2.311274409294128418e-01
1.761182125438859701e+09,8.119170069694519043e-01,-2.292299419641494751e-01
1.761182125501737595e+09,7.179155945777893066e-01,-2.279244512319564819e-01
1.761182125568509102e+09,6.489366292953491211e-01,-2.171273380517959595e-01
1.761182125638643265e+09,5.618122220039367676e-01,-2.005732059478759766e-01
1.761182125701775551e+09,4.565710127353668213e-01,-1.894365549087524414e-01
1.761182125768384218e+09,3.812963068485260010e-01,-1.829080581665039062e-01
1.761182125837490320e+09,2.358686476945877075e-01,-2.093392610549926758e-01
1.761182125901730299e+09,2.734479904174804688e-01,-2.105299383401870728e-01
1.761182125968500614e+09,1.465973258018493652e-01,-2.164731174707412720e-01
1.761182126037174225e+09,-8.979631960391998291e-02,-2.189617007970809937e-01
1.761182126101721764e+09,-1.949782520532608032e-01,-1.910031139850616455e-01
1.761182126168551683e+09,-3.226053118705749512e-01,-1.645659953355789185e-01
1.761182126237501860e+09,-4.091852009296417236e-01,-1.559127420186996460e-01
1.761182126301765680e+09,-5.231956243515014648e-01,-1.527286916971206665e-01
1.761182126368459940e+09,-6.114462018013000488e-01,-1.459945291280746460e-01
1.761182126437252283e+09,-6.834455728530883789e-01,-1.367167681455612183e-01
1.761182126502182245e+09,-7.535401582717895508e-01,-1.249669268727302551e-01
1.761182126568434238e+09,-8.421645760536193848e-01,-1.117175519466400146e-01
1.761182126637350321e+09,-9.735463857650756836e-01,-1.390321850776672363e-01
1.761182126701838017e+09,-1.091779470443725586e+00,-1.403058916330337524e-01
1.761182126768402576e+09,-1.178272128105163574e+00,-1.324596107006072998e-01
1.761182126837564707e+09,-1.267360687255859375e+00,-1.195361837744712830e-01
1.761182126901881695e+09,-1.357762932777404785e+00,-8.004502952098846436e-02
1.761182126968489170e+09,-1.338702559471130371e+00,-4.080556333065032959e-02
1.761182127037083626e+09,-1.521398663520812988e+00,-8.913189172744750977e-03
1.761182127101755381e+09,-1.481221199035644531e+00,1.647413522005081177e-02
1.761182127168622732e+09,-1.704821228981018066e+00,3.714534640312194824e-02
1.761182127237587214e+09,-1.776771187782287598e+00,7.390312850475311279e-02
1.761182127368469238e+09,-2.002397298812866211e+00,1.175337880849838257e-01
1.761182127437009573e+09,-2.088383913040161133e+00,1.856985986232757568e-01
1.761182127501797676e+09,-2.164096593856811523e+00,2.345887571573257446e-01
1.761182127568516254e+09,-2.217022418975830078e+00,2.882042527198791504e-01
1.761182127636813402e+09,-2.335536241531372070e+00,3.277611434459686279e-01
1.761182127701720715e+09,-2.393162488937377930e+00,3.758754432201385498e-01
1.761182127768451929e+09,-2.466760635375976562e+00,4.577596187591552734e-01
1.761182127901733160e+09,-2.536485195159912109e+00,5.926993489265441895e-01
1.761182127968450785e+09,-2.633854627609252930e+00,6.666670441627502441e-01
1.761182128037498474e+09,-2.685089826583862305e+00,7.400507926940917969e-01
1.761182128101757765e+09,-2.718255281448364258e+00,8.139980435371398926e-01
1.761182128168438435e+09,-2.751227378845214844e+00,9.129471182823181152e-01
1.761182128237526417e+09,-2.845442771911621094e+00,9.707411527633666992e-01
1.761182128302040577e+09,-2.876811981201171875e+00,1.058578133583068848e+00
1.761182128368552685e+09,-2.919854402542114258e+00,1.128343820571899414e+00
1.761182128437519789e+09,-2.923479795455932617e+00,1.228366851806640625e+00
1.761182128501778126e+09,-2.919403076171875000e+00,1.298692822456359863e+00
1.761182128568471193e+09,-2.931133031845092773e+00,1.369917273521423340e+00
1.761182128636967421e+09,-2.945363998413085938e+00,1.489948868751525879e+00
1.761182128702104568e+09,-2.946444511413574219e+00,1.592146039009094238e+00
1.761182128768476725e+09,-2.944797992706298828e+00,1.605211257934570312e+00
1.761182128837370157e+09,-2.945839881896972656e+00,1.734151482582092285e+00
1.761182128901753426e+09,-2.883302211761474609e+00,1.872481822967529297e+00
1.761182129437482834e+09,-2.481022357940673828e+00,2.461414098739624023e+00
1.761182129501646757e+09,-2.458536148071289062e+00,2.546412229537963867e+00
1.761182129701765299e+09,-1.446257352828979492e+00,-5.273789167404174805e-01
1.761182129701765299e+09,-2.293195009231567383e+00,2.705453395843505859e+00
1.761182129768681049e+09,-2.208289384841918945e+00,2.708592414855957031e+00
1.761182129837648392e+09,-2.120871782302856445e+00,2.742151260375976562e+00
1.761182129901740551e+09,-2.030462980270385742e+00,2.769250392913818359e+00
1.761182129968436480e+09,-1.946615338325500488e+00,2.792315959930419922e+00
1.761182130037516356e+09,-1.869956135749816895e+00,2.808921098709106445e+00
1.761182130101813793e+09,-1.781848311424255371e+00,2.808648586273193359e+00
1.761182130168465137e+09,-1.684424996376037598e+00,2.868179559707641602e+00
1.761182130237017632e+09,-1.582526326179504395e+00,2.861427783966064453e+00
1.761182130301818609e+09,-1.525658369064331055e+00,2.872155427932739258e+00
1.761182130368422031e+09,-1.465642571449279785e+00,2.881927728652954102e+00
1.761182130437092304e+09,-1.337303638458251953e+00,2.921987295150756836e+00
