# time,x,y,theta
1.761182078901826143e+09,-2.166954517364501953e+00,1.879243254661560059e-01,2.653679132461547852e+00
1.761182078968400717e+09,-2.253190517425537109e+00,2.415177077054977417e-01,2.596091985702514648e+00
1.761182079038272381e+09,-2.335163354873657227e+00,2.999424040317535400e-01,2.535477399826049805e+00
1.761182079101742506e+09,-2.402080297470092773e+00,3.536818325519561768e-01,2.483537435531616211e+00
1.761182079168445826e+09,-2.476145982742309570e+00,4.204303026199340820e-01,2.423234701156616211e+00
1.761182079237205505e+09,-2.545852661132812500e+00,4.913963079452514648e-01,2.363110542297363281e+00
1.761182079301835299e+09,-2.602045536041259766e+00,5.554184913635253906e-01,2.311695098876953125e+00
1.761182079368470907e+09,-2.662898540496826172e+00,6.338579058647155762e-01,2.247571229934692383e+00
1.761182079437345982e+09,-2.718002319335937500e+00,7.162772417068481445e-01,2.179161548614501953e+00
1.761182079501758575e+09,-2.760478258132934570e+00,7.896372079849243164e-01,2.120077848434448242e+00
1.761182079568729401e+09,-2.804503440856933594e+00,8.778884410858154297e-01,2.053388357162475586e+00
1.761182079638299704e+09,-2.843073606491088867e+00,9.681659936904907227e-01,1.992679834365844727e+00
1.761182079702600956e+09,-2.871379137039184570e+00,1.047023296356201172e+00,1.938641309738159180e+00
1.761182079768419743e+09,-2.898160934448242188e+00,1.140431642532348633e+00,1.871307373046875000e+00
1.761182079837290764e+09,-2.918328046798706055e+00,1.234873652458190918e+00,1.803719520568847656e+00
1.761182079901839972e+09,-2.930359840393066406e+00,1.316185712814331055e+00,1.746046066284179688e+00
1.761182079968525410e+09,-2.938397645950317383e+00,1.411070823669433594e+00,1.679657220840454102e+00
1.761182080037499905e+09,-2.939971685409545898e+00,1.505467414855957031e+00,1.613223671913146973e+00
1.761182080101924658e+09,-2.936295986175537109e+00,1.585681557655334473e+00,1.556726336479187012e+00
1.761182080168427944e+09,-2.926301479339599609e+00,1.678097844123840332e+00,1.491313338279724121e+00
1.761182080237300158e+09,-2.910348653793334961e+00,1.768858194351196289e+00,1.426304221153259277e+00
1.761182080301864624e+09,-2.892112493515014648e+00,1.844998121261596680e+00,1.371075749397277832e+00
1.761182080368490696e+09,-2.865704774856567383e+00,1.931714892387390137e+00,1.307167768478393555e+00
1.761182080436972380e+09,-2.833871126174926758e+00,2.015864133834838867e+00,1.242428064346313477e+00
1.761182080501886129e+09,-2.801923751831054688e+00,2.085381746292114258e+00,1.182415843009948730e+00
1.761182080568468094e+09,-2.759478807449340820e+00,2.163298845291137695e+00,1.111656665802001953e+00
1.761182080637103796e+09,-2.711802005767822266e+00,2.237582206726074219e+00,1.041219472885131836e+00
1.761182080701731443e+09,-2.666980266571044922e+00,2.298198938369750977e+00,9.810639619827270508e-01
1.761182080768732786e+09,-2.610294342041015625e+00,2.365184068679809570e+00,9.110577106475830078e-01
1.761182080837085247e+09,-2.549099922180175781e+00,2.427977085113525391e+00,8.412461876869201660e-01
1.761182080901784658e+09,-2.493478298187255859e+00,2.478508949279785156e+00,7.843590974807739258e-01
1.761182080968440771e+09,-2.425446987152099609e+00,2.533853292465209961e+00,7.221678495407104492e-01
1.761182081037169456e+09,-2.354080915451049805e+00,2.585021257400512695e+00,6.604408621788024902e-01
1.761182081101835966e+09,-2.290362358093261719e+00,2.625425577163696289e+00,6.075425744056701660e-01
1.761182081168485641e+09,-2.213132619857788086e+00,2.668429851531982422e+00,5.457167029380798340e-01
1.761182081237950087e+09,-2.133001804351806641e+00,2.707026481628417969e+00,4.856486320495605469e-01
1.761182081302145004e+09,-2.062343835830688477e+00,2.737028360366821289e+00,4.383556544780731201e-01
1.761182081368472099e+09,-1.977614879608154297e+00,2.768204927444458008e+00,3.836627602577209473e-01
1.761182081437222004e+09,-1.890520095825195312e+00,2.795173168182373047e+00,3.299640119075775146e-01
1.761182081501740217e+09,-1.814219236373901367e+00,2.815413236618041992e+00,2.884976267814636230e-01
1.761182081568525553e+09,-1.723213195800781250e+00,2.835516691207885742e+00,2.409708648920059204e-01
1.761182081637270212e+09,-1.630219578742980957e+00,2.852046966552734375e+00,1.971032619476318359e-01
1.761182081701772213e+09,-1.549049377441406250e+00,2.863665103912353516e+00,1.625725179910659790e-01
1.761182081768546343e+09,-1.452565908432006836e+00,2.873979806900024414e+00,1.223486810922622681e-01
1.761182081837541819e+09,-1.354231238365173340e+00,2.880944967269897461e+00,8.477145433425903320e-02
1.761182081901805401e+09,-1.268532752990722656e+00,2.884678125381469727e+00,5.647067725658416748e-02
1.761182081968462944e+09,-1.167150378227233887e+00,2.886303901672363281e+00,2.514352835714817047e-02
1.761182082037093639e+09,-1.064715385437011719e+00,2.885668992996215820e+00,6.283161640167236328e+00
1.761182082101808310e+09,-9.763469696044921875e-01,2.883257389068603516e+00,6.262636184692382812e+00
1.761182082168490171e+09,-8.728213310241699219e-01,2.878401517868041992e+00,6.240942478179931641e+00
1.761182082237462997e+09,-7.689794898033142090e-01,2.872104644775390625e+00,6.225213527679443359e+00
1.761182082301808834e+09,-6.798094511032104492e-01,2.865737676620483398e+00,6.214913845062255859e+00
1.761182082368448019e+09,-5.756175518035888672e-01,2.857892513275146484e+00,6.208699226379394531e+00
1.761182082437587976e+09,-4.713168442249298096e-01,2.849534511566162109e+00,6.203729152679443359e+00
1.761182082501744270e+09,-3.818551003932952881e-01,2.842072486877441406e+00,6.200867176055908203e+00
1.761182082568416595e+09,-2.773719429969787598e-01,2.833849430084228516e+00,6.203938961029052734e+00
1.761182082638110161e+09,-1.727950870990753174e-01,2.826119184494018555e+00,6.208508491516113281e+00
1.761182082701767206e+09,-8.309752494096755981e-02,2.819883346557617188e+00,6.212632656097412109e+00
1.761182082768431187e+09,2.162795886397361755e-02,2.813400030136108398e+00,6.220666408538818359e+00
1.761182082838892698e+09,1.264601200819015503e-01,2.808489799499511719e+00,6.234211921691894531e+00
1.761182082901829720e+09,2.163767516613006592e-01,2.805479288101196289e+00,6.246544361114501953e+00
1.761182082968487978e+09,3.213134109973907471e-01,2.802742242813110352e+00,6.255611896514892578e+00
1.761182083037336826e+09,4.262688159942626953e-01,2.800458192825317383e+00,6.260997772216796875e+00
1.761182083101796389e+09,5.162433385848999023e-01,2.798918008804321289e+00,6.265219211578369141e+00
1.761182083168452263e+09,6.212246417999267578e-01,2.797605276107788086e+00,6.270106792449951172e+00
1.761182083237450361e+09,7.262140512466430664e-01,2.796800851821899414e+00,6.274919986724853516e+00
1.761182083301810980e+09,8.162088990211486816e-01,2.796520233154296875e+00,6.279073238372802734e+00
1.761182083368459702e+09,9.212047457695007324e-01,2.796668291091918945e+00,7.660206174477934837e-04
1.761182083438378572e+09,1.026199817657470703e+00,2.797320127487182617e+00,5.579831078648567200e-03
1.761182083501738071e+09,1.116192817687988281e+00,2.798286437988281250e+00,9.733807295560836792e-03
1.761182083568379402e+09,1.221179008483886719e+00,2.799888610839843750e+00,1.461254246532917023e-02
1.761182083637420654e+09,1.326167345046997070e+00,2.801369428634643555e+00,1.400881353765726089e-02
1.761182083701766491e+09,1.416162848472595215e+00,2.802194118499755859e+00,1.039934251457452774e-02
1.761182083768429279e+09,1.521160960197448730e+00,2.802696466445922852e+00,5.616581067442893982e-03
1.761182083837559223e+09,1.626159191131591797e+00,2.802361488342285156e+00,6.280721187591552734e+00
1.761182083901810646e+09,1.716145277023315430e+00,2.800828695297241211e+00,6.269265174865722656e+00
1.761182083968493700e+09,1.821095705032348633e+00,2.797638654708862305e+00,6.254941463470458984e+00
1.761182084037285805e+09,1.925989031791687012e+00,2.792932510375976562e+00,6.240388870239257812e+00
1.761182084101793289e+09,2.015827894210815430e+00,2.787572383880615234e+00,6.226627826690673828e+00
1.761182084168450832e+09,2.120470046997070312e+00,2.778943538665771484e+00,6.204165935516357422e+00
1.761182084236972094e+09,2.224873542785644531e+00,2.767791271209716797e+00,6.180203437805175781e+00
1.761182084301790714e+09,2.314126491546630859e+00,2.756231546401977539e+00,6.159457683563232422e+00
1.761182084368549824e+09,2.417923450469970703e+00,2.740401029586791992e+00,6.135074615478515625e+00
1.761182084436985731e+09,2.521164417266845703e+00,2.721291542053222656e+00,6.104292392730712891e+00
1.761182084501769781e+09,2.609094858169555664e+00,2.702116966247558594e+00,6.075620651245117188e+00
1.761182084568614960e+09,2.710928201675415039e+00,2.676545143127441406e+00,6.041797637939453125e+00
1.761182084637042761e+09,2.811837196350097656e+00,2.647539377212524414e+00,6.007845401763916016e+00
1.761182084701807022e+09,2.897403717041015625e+00,2.619658470153808594e+00,5.975603103637695312e+00
1.761182084768533230e+09,2.995805263519287109e+00,2.583046913146972656e+00,5.932971477508544922e+00
1.761182084837446928e+09,3.092453241348266602e+00,2.542227745056152344e+00,5.889495849609375000e+00
1.761182084901966810e+09,3.173398971557617188e+00,2.504109621047973633e+00,5.852079391479492188e+00
1.761182084968498945e+09,3.264588356018066406e+00,2.455830812454223633e+00,5.803161621093750000e+00
1.761182085037339926e+09,3.351996421813964844e+00,2.403299808502197266e+00,5.751169204711914062e+00
1.761182085101794004e+09,3.423745870590209961e+00,2.355201482772827148e+00,5.706667900085449219e+00
1.761182085168463945e+09,3.503595352172851562e+00,2.295799016952514648e+00,5.655308723449707031e+00
1.761182085236846924e+09,3.579178333282470703e+00,2.232740640640258789e+00,5.601414680480957031e+00
1.761182085301731586e+09,3.640100240707397461e+00,2.175626754760742188e+00,5.551291942596435547e+00
1.761182085368429899e+09,3.706713438034057617e+00,2.105726957321166992e+00,5.492567062377929688e+00
1.761182085437521696e+09,3.768423557281494141e+00,2.032615423202514648e+00,5.433627605438232422e+00
1.761182085501768351e+09,3.816899538040161133e+00,1.967193841934204102e+00,5.378312110900878906e+00
1.761182085568467855e+09,3.868198871612548828e+00,1.887894988059997559e+00,5.312348365783691406e+00
1.761182085637777090e+09,3.913838624954223633e+00,1.805726647377014160e+00,5.246397495269775391e+00
1.761182085701690435e+09,3.948428153991699219e+00,1.733243703842163086e+00,5.190110683441162109e+00
1.761182085768408298e+09,3.983446836471557617e+00,1.646556138992309570e+00,5.124640464782714844e+00
1.761182085838381052e+09,4.012606620788574219e+00,1.557985544204711914e+00,5.059255123138427734e+00
1.761182085901778698e+09,4.032870769500732422e+00,1.480887174606323242e+00,5.003232479095458984e+00
1.761182085968431473e+09,4.050205230712890625e+00,1.389810919761657715e+00,4.932027339935302734e+00
1.761182086036941290e+09,4.060589313507080078e+00,1.298137784004211426e+00,4.858868122100830078e+00
1.761182086101749659e+09,4.064042091369628906e+00,1.219480514526367188e+00,4.796183109283447266e+00
1.761182086168405056e+09,4.061791419982910156e+00,1.128094553947448730e+00,4.723302841186523438e+00
1.761182086237057447e+09,4.052906990051269531e+00,1.037684559822082520e+00,4.650823593139648438e+00
1.761182086301756144e+09,4.040121078491210938e+00,9.613116383552551270e-01,4.589034080505371094e+00
1.761182086368503094e+09,4.019337654113769531e+00,8.738885521888732910e-01,4.517283439636230469e+00
1.761182086436901093e+09,3.992448329925537109e+00,7.886568903923034668e-01,4.445952415466308594e+00
1.761182086501704216e+09,3.964708805084228516e+00,7.176483869552612305e-01,4.385095119476318359e+00
1.761182086568408966e+09,3.927049398422241211e+00,6.374093294143676758e-01,4.314354896545410156e+00
1.761182086637451887e+09,3.883887052536010742e+00,5.602181553840637207e-01,4.243909835815429688e+00
1.761182086701823711e+09,3.842662096023559570e+00,4.966847598552703857e-01,4.183605194091796875e+00
1.761182086768399000e+09,3.789833545684814453e+00,4.258905351161956787e-01,4.113263607025146484e+00
1.761182086837266207e+09,3.732156276702880859e+00,3.589780628681182861e-01,4.043002128601074219e+00
1.761182086901745319e+09,3.679039478302001953e+00,3.049312233924865723e-01,3.982738256454467773e+00
1.761182086968459606e+09,3.613272905349731445e+00,2.456096857786178589e-01,3.916343450546264648e+00
1.761182087036772728e+09,3.543870925903320312e+00,1.901298612356185913e-01,3.853619337081909180e+00
1.761182087102050304e+09,3.481506109237670898e+00,1.458494961261749268e-01,3.800082445144653320e+00
1.761182087168583870e+09,3.405809640884399414e+00,9.768881648778915405e-02,3.742447614669799805e+00
1.761182087237059593e+09,3.327098846435546875e+00,5.316051840782165527e-02,3.687495470046997070e+00
1.761182087301797152e+09,3.257230997085571289e+00,1.810325868427753448e-02,3.640306949615478516e+00
1.761182087368466377e+09,3.173066854476928711e+00,-1.917885243892669678e-02,3.586955308914184570e+00
1.761182087436862230e+09,3.086399078369140625e+00,-5.306544899940490723e-02,3.538573265075683594e+00
1.761182087501744032e+09,3.010098457336425781e+00,-7.921431958675384521e-02,3.497502803802490234e+00
1.761182087568444490e+09,2.918875694274902344e+00,-1.067449375987052917e-01,3.454358100891113281e+00
1.761182087637615681e+09,2.825414419174194336e+00,-1.312043666839599609e-01,3.413960456848144531e+00
1.761182087701761484e+09,2.743534088134765625e+00,-1.495134532451629639e-01,3.379360437393188477e+00
1.761182087768461704e+09,2.646007061004638672e+00,-1.683750152587890625e-01,3.344715595245361328e+00
1.761182087836920977e+09,2.546505212783813477e+00,-1.845141500234603882e-01,3.312021017074584961e+00
1.761182087901782990e+09,2.459909200668334961e+00,-1.962010711431503296e-01,3.286147356033325195e+00
1.761182087968525410e+09,2.357806205749511719e+00,-2.078889608383178711e-01,3.261245012283325195e+00
1.761182088036730051e+09,2.254820823669433594e+00,-2.172897458076477051e-01,3.237333297729492188e+00
1.761182088101804256e+09,2.166023969650268555e+00,-2.234547734260559082e-01,3.216949224472045898e+00
1.761182088168418169e+09,2.062022209167480469e+00,-2.291640788316726685e-01,3.199465274810791016e+00
1.761182088237575769e+09,1.957708120346069336e+00,-2.334274053573608398e-01,3.184576749801635742e+00
1.761182088301778078e+09,1.868115425109863281e+00,-2.358873039484024048e-01,3.172130107879638672e+00
1.761182088368419170e+09,1.763444066047668457e+00,-2.373657822608947754e-01,3.157792091369628906e+00
1.761182088437795639e+09,1.658672451972961426e+00,-2.381132394075393677e-01,3.149829864501953125e+00
1.761182088501772165e+09,1.568813681602478027e+00,-2.383714914321899414e-01,3.145278930664062500e+00
1.761182088568445206e+09,1.463933706283569336e+00,-2.381856590509414673e-01,3.140336990356445312e+00
1.761182088637663841e+09,1.359021425247192383e+00,-2.374877631664276123e-01,3.135522127151489258e+00
1.761182088701774597e+09,1.269080162048339844e+00,-2.364796847105026245e-01,3.131371736526489258e+00
1.761182088768424511e+09,1.164138555526733398e+00,-2.348274886608123779e-01,3.126496076583862305e+00
1.761182088838000774e+09,1.059192895889282227e+00,-2.326713651418685913e-01,3.121684312820434570e+00
1.761182088901738644e+09,9.692413210868835449e-01,-2.304161339998245239e-01,3.117531538009643555e+00
1.761182088968523741e+09,8.643044233322143555e-01,-2.273101657629013062e-01,3.112653732299804688e+00
1.761182089038092136e+09,7.593787312507629395e-01,-2.237007468938827515e-01,3.107840299606323242e+00
1.761182089101779938e+09,6.694545149803161621e-01,-2.202000468969345093e-01,3.103686571121215820e+00
1.761182089168975830e+09,5.645574927330017090e-01,-2.156991213560104370e-01,3.099471330642700195e+00
1.761182089238866329e+09,4.596429169178009033e-01,-2.115838378667831421e-01,3.101890802383422852e+00
1.761182089301725864e+09,3.696996867656707764e-01,-2.084701508283615112e-01,3.105740547180175781e+00
1.761182089368392467e+09,2.647655904293060303e-01,-2.048255950212478638e-01,3.106249570846557617e+00
1.761182089437284946e+09,1.598522663116455078e-01,-2.006056904792785645e-01,3.102197408676147461e+00
1.761182089501804590e+09,6.993764638900756836e-02,-1.967120915651321411e-01,3.099434614181518555e+00
1.761182089568423748e+09,-3.498360514640808105e-02,-1.926732957363128662e-01,3.102523326873779297e+00
1.761182089637444496e+09,-1.399192810058593750e-01,-1.890186369419097900e-01,3.105800390243530273e+00
1.761182089701797009e+09,-2.298500835895538330e-01,-1.855025440454483032e-01,3.103330612182617188e+00
1.761182089768462420e+09,-3.347495198249816895e-01,-1.809186339378356934e-01,3.098769426345825195e+00
1.761182089837350130e+09,-4.396264851093292236e-01,-1.758443266153335571e-01,3.093992948532104492e+00
1.761182089901735067e+09,-5.295008420944213867e-01,-1.710941940546035767e-01,3.089841365814208984e+00
1.761182089968369007e+09,-6.343283057212829590e-01,-1.650810241699218750e-01,3.084961891174316406e+00
1.761182090037702560e+09,-7.391257882118225098e-01,-1.585663259029388428e-01,3.080147266387939453e+00
1.761182090101788998e+09,-8.289107680320739746e-01,-1.523579508066177368e-01,3.073760986328125000e+00
1.761182090168401241e+09,-9.335480332374572754e-01,-1.436499953269958496e-01,3.060610771179199219e+00
1.761182090237449884e+09,-1.038048148155212402e+00,-1.334261596202850342e-01,3.046215772628784180e+00
1.761182090301819324e+09,-1.127493739128112793e+00,-1.234581544995307922e-01,3.033650875091552734e+00
1.761182090368431568e+09,-1.231578826904296875e+00,-1.096483618021011353e-01,3.012563705444335938e+00
1.761182090437454224e+09,-1.335296988487243652e+00,-9.330761432647705078e-02,2.988791465759277344e+00
1.761182090501824617e+09,-1.423852443695068359e+00,-7.725942879915237427e-02,2.967406034469604492e+00
1.761182090568406343e+09,-1.526538610458374023e+00,-5.536304041743278503e-02,2.935913085937500000e+00
1.761182090636889458e+09,-1.628421545028686523e+00,-2.998936548829078674e-02,2.902274370193481445e+00
1.761182090701789618e+09,-1.715024232864379883e+00,-5.506943445652723312e-03,2.873110055923461914e+00
1.761182090768430233e+09,-1.814868688583374023e+00,2.696222998201847076e-02,2.832638740539550781e+00
1.761182090837212563e+09,-1.913198709487915039e+00,6.376551091670989990e-02,2.789480686187744141e+00
1.761182090902990818e+09,-1.995580434799194336e+00,9.896845370531082153e-02,2.747736930847167969e+00
1.761182090968412399e+09,-2.088597536087036133e+00,1.443648338317871094e-01,2.695355892181396484e+00
1.761182091038427830e+09,-2.178050041198730469e+00,1.941231638193130493e-01,2.642776012420654297e+00
1.761182091101788759e+09,-2.251867532730102539e+00,2.402433156967163086e-01,2.596783161163330078e+00
1.761182091168385983e+09,-2.334038496017456055e+00,2.985287010669708252e-01,2.537268400192260742e+00
1.761182091236988306e+09,-2.411908626556396484e+00,3.613706231117248535e-01,2.476849555969238281e+00
1.761182091301830292e+09,-2.475251674652099609e+00,4.187380075454711914e-01,2.425171136856079102e+00
1.761182091368511677e+09,-2.545104980468750000e+00,4.895769059658050537e-01,2.365038394927978516e+00
1.761182091437179565e+09,-2.610435485839843750e+00,5.644500851631164551e-01,2.304429769515991211e+00
1.761182091501851082e+09,-2.662169218063354492e+00,6.320207118988037109e-01,2.247197866439819336e+00
1.761182091568423033e+09,-2.717196702957153320e+00,7.144666910171508789e-01,2.178492784500122070e+00
1.761182091636933804e+09,-2.766458988189697266e+00,8.002340793609619141e-01,2.111699104309082031e+00
1.761182091701814175e+09,-2.804409503936767578e+00,8.757121562957763672e-01,2.058768510818481445e+00
1.761182091768420219e+09,-2.842812299728393555e+00,9.660942554473876953e-01,1.992065191268920898e+00
1.761182091836914062e+09,-2.874865055084228516e+00,1.058350205421447754e+00,1.926064252853393555e+00
1.761182091901828051e+09,-2.897824048995971680e+00,1.138420224189758301e+00,1.873782992362976074e+00
1.761182091968414307e+09,-2.918467998504638672e+00,1.232718944549560547e+00,1.807929396629333496e+00
1.761182092037182331e+09,-2.932464361190795898e+00,1.327565073966979980e+00,1.740820407867431641e+00
1.761182092101753712e+09,-2.939250707626342773e+00,1.408837556838989258e+00,1.683491706848144531e+00
1.761182092168488741e+09,-2.941187143325805664e+00,1.503254413604736328e+00,1.617115974426269531e+00
1.761182092237640381e+09,-2.936815738677978516e+00,1.596738100051879883e+00,1.551146388053894043e+00
1.761182092301718950e+09,-2.928181409835815430e+00,1.675841450691223145e+00,1.495108127593994141e+00
1.761182092368487835e+09,-2.912584066390991211e+00,1.766615390777587891e+00,1.430250048637390137e+00
1.761182092437027454e+09,-2.891244649887084961e+00,1.855399847030639648e+00,1.365801215171813965e+00
1.761182092501783609e+09,-2.868577241897583008e+00,1.929613947868347168e+00,1.311044931411743164e+00
1.761182092568443298e+09,-2.836792230606079102e+00,2.013677835464477539e+00,1.243610024452209473e+00
1.761182092637109995e+09,-2.799073934555053711e+00,2.094574451446533203e+00,1.172787904739379883e+00
1.761182092701761484e+09,-2.762350082397460938e+00,2.161205291748046875e+00,1.112058162689208984e+00
1.761182092768473864e+09,-2.714696884155273438e+00,2.235496044158935547e+00,1.041499614715576172e+00
1.761182092837075472e+09,-2.662100076675415039e+00,2.305931091308593750e+00,9.713756442070007324e-01
1.761182092901797056e+09,-2.613253355026245117e+00,2.363105535507202148e+00,9.114274978637695312e-01
1.761182092968489408e+09,-2.552078008651733398e+00,2.425912380218505859e+00,8.415586948394775391e-01
1.761182093037519693e+09,-2.487067461013793945e+00,2.484728813171386719e+00,7.767465114593505859e-01
1.761182093101840258e+09,-2.428630828857421875e+00,2.532011508941650391e+00,7.236356139183044434e-01
1.761182093168427467e+09,-2.357337713241577148e+00,2.583302974700927734e+00,6.619942188262939453e-01
1.761182093238279104e+09,-2.282816171646118164e+00,2.630257606506347656e+00,6.002300977706909180e-01
1.761182093301780701e+09,-2.216484546661376953e+00,2.666943788528442383e+00,5.471770763397216797e-01
1.761182093368556738e+09,-2.136488914489746094e+00,2.705746173858642578e+00,4.880218803882598877e-01
1.761182093437859058e+09,-2.054036378860473633e+00,2.740675449371337891e+00,4.332280158996582031e-01
1.761182093501805544e+09,-1.981404185295104980e+00,2.767315387725830078e+00,3.864339888095855713e-01
1.761182093568506002e+09,-1.894466042518615723e+00,2.794422864913940430e+00,3.321314156055450439e-01
1.761182093638044119e+09,-1.805352926254272461e+00,2.817872762680053711e+00,2.833847999572753906e-01
1.761182093701731682e+09,-1.727304458618164062e+00,2.834968090057373047e+00,2.425858229398727417e-01
1.761182093768495083e+09,-1.634425878524780273e+00,2.851493597030639648e+00,1.977266222238540649e-01
1.761182093837279558e+09,-1.539630055427551270e+00,2.864824056625366211e+00,1.573389321565628052e-01
1.761182093901795149e+09,-1.456875324249267578e+00,2.873475313186645508e+00,1.228546053171157837e-01
1.761182093968493462e+09,-1.358664870262145996e+00,2.880608081817626953e+00,8.633899688720703125e-02
1.761182094037245274e+09,-1.258715629577636719e+00,2.884922027587890625e+00,5.361472070217132568e-02
1.761182094102003336e+09,-1.171837329864501953e+00,2.886229276657104492e+00,2.635457925498485565e-02
1.761182094168383360e+09,-1.069487929344177246e+00,2.885626316070556641e+00,5.923901917412877083e-04
1.761182094237469435e+09,-9.664137363433837891e-01,2.882698059082031250e+00,6.259818553924560547e+00
1.761182094302988529e+09,-8.776834011077880859e-01,2.878579854965209961e+00,6.242487430572509766e+00
1.761182094368444920e+09,-7.738614082336425781e-01,2.872494697570800781e+00,6.227157592773437500e+00
1.761182094437562943e+09,-6.698328256607055664e-01,2.865122556686401367e+00,6.214803695678710938e+00
1.761182094501837730e+09,-5.805270075798034668e-01,2.858420610427856445e+00,6.209392547607421875e+00
1.761182094568415165e+09,-4.762338399887084961e-01,2.850121498107910156e+00,6.204298496246337891e+00
1.761182094637656450e+09,-3.718637228012084961e-01,2.841424703598022461e+00,6.200770854949951172e+00
1.761182094701810598e+09,-2.823112905025482178e-01,2.834333658218383789e+00,6.203211784362792969e+00
1.761182094768391848e+09,-1.777445673942565918e-01,2.826529026031494141e+00,6.207764625549316406e+00
1.761182094837969542e+09,-7.310178130865097046e-02,2.819205999374389648e+00,6.212535858154296875e+00
1.761182094901777029e+09,1.666394062340259552e-02,2.813670396804809570e+00,6.219958305358886719e+00
1.761182094968401909e+09,1.214901953935623169e-01,2.808671951293945312e+00,6.233397006988525391e+00
1.761182095037507772e+09,2.263932526111602783e-01,2.805187463760375977e+00,6.247826576232910156e+00
1.761182095101823568e+09,3.163410723209381104e-01,2.802929639816284180e+00,6.255954265594482422e+00
1.761182095168418884e+09,4.212972521781921387e-01,2.800712108612060547e+00,6.261596679687500000e+00
1.761182095238261223e+09,5.262689590454101562e-01,2.799010276794433594e+00,6.266506671905517578e+00
1.761182095301979780e+09,6.162538528442382812e-01,2.797967195510864258e+00,6.270669460296630859e+00
1.761182095368447304e+09,7.212435007095336914e-01,2.797230005264282227e+00,6.275547504425048828e+00
1.761182095437559843e+09,8.262376785278320312e-01,2.796998500823974609e+00,6.280360698699951172e+00
1.761182095501944780e+09,9.162339568138122559e-01,2.797207832336425781e+00,1.328867278061807156e-03
1.761182095568418980e+09,1.021228551864624023e+00,2.797927618026733398e+00,6.207368802279233932e-03
1.761182095637825012e+09,1.126219272613525391e+00,2.799150943756103516e+00,1.102130766957998276e-02
1.761182095701771259e+09,1.216206312179565430e+00,2.800596952438354492e+00,1.505513116717338562e-02
1.761182095768406868e+09,1.321196079254150391e+00,2.801970243453979492e+00,1.335284486413002014e-02
1.761182095837489605e+09,1.426191806793212891e+00,2.802818775177001953e+00,8.967581205070018768e-03
1.761182095902431965e+09,1.516190648078918457e+00,2.803152084350585938e+00,4.862456116825342178e-03
1.761182095968420506e+09,1.621188402175903320e+00,2.802746534347534180e+00,6.280012130737304688e+00
1.761182096038223028e+09,1.726168513298034668e+00,2.800764083862304688e+00,6.266459465026855469e+00
1.761182096101773024e+09,1.816120982170104980e+00,2.797864198684692383e+00,6.254120826721191406e+00
1.761182096168459654e+09,1.921010971069335938e+00,2.793080806732177734e+00,6.239632129669189453e+00
1.761182096237450123e+09,2.025812149047851562e+00,2.786653518676757812e+00,6.223761081695556641e+00
1.761182096301802635e+09,2.115497827529907227e+00,2.779158830642700195e+00,6.204699993133544922e+00
1.761182096368432522e+09,2.219907283782958984e+00,2.768061161041259766e+00,6.180754661560058594e+00
1.761182096437406778e+09,2.324019670486450195e+00,2.754458189010620117e+00,6.156591415405273438e+00
1.761182096501820087e+09,2.412975311279296875e+00,2.740798234939575195e+00,6.135822772979736328e+00
1.761182096568514347e+09,2.516258239746093750e+00,2.721917152404785156e+00,6.106139183044433594e+00
1.761182096637799501e+09,2.618831872940063477e+00,2.699498176574707031e+00,6.072753906250000000e+00
1.761182096701661587e+09,2.706108093261718750e+00,2.677537679672241211e+00,6.043742179870605469e+00
1.761182096768450737e+09,2.807075500488281250e+00,2.648735523223876953e+00,6.009857654571533203e+00
1.761182096837606430e+09,2.906903028488159180e+00,2.616213560104370117e+00,5.972736835479736328e+00
1.761182096901755571e+09,2.991257429122924805e+00,2.584854364395141602e+00,5.936316490173339844e+00
1.761182096968430281e+09,3.088005304336547852e+00,2.544367074966430664e+00,5.892819404602050781e+00
1.761182097037806273e+09,3.182465553283691406e+00,2.499914646148681641e+00,5.849238872528076172e+00
1.761182097101810455e+09,3.260742425918579102e+00,2.458573341369628906e+00,5.807643413543701172e+00
1.761182097168567419e+09,3.348370790481567383e+00,2.406484127044677734e+00,5.755799770355224609e+00
1.761182097237368345e+09,3.432098150253295898e+00,2.350460529327392578e+00,5.703946113586425781e+00
1.761182097301841259e+09,3.500629901885986328e+00,2.299566984176635742e+00,5.659842967987060547e+00
1.761182097368396759e+09,3.576377153396606445e+00,2.236492872238159180e+00,5.603208541870117188e+00
1.761182097437125683e+09,3.647295236587524414e+00,2.169593095779418945e+00,5.544121265411376953e+00
1.761182097502067089e+09,3.704255342483520508e+00,2.109465122222900391e+00,5.493714809417724609e+00
1.761182097568496943e+09,3.766182899475097656e+00,2.036371231079101562e+00,5.435350418090820312e+00
1.761182097637103319e+09,3.822719812393188477e+00,1.959990024566650391e+00,5.372250556945800781e+00
1.761182097701853991e+09,3.866618871688842773e+00,1.891964793205261230e+00,5.315781593322753906e+00
1.761182097768438816e+09,3.912544727325439453e+00,1.809969067573547363e+00,5.249858856201171875e+00
1.761182097837357998e+09,3.952792167663574219e+00,1.725369691848754883e+00,5.184235095977783203e+00
1.761182097901932240e+09,3.982705593109130859e+00,1.651046991348266602e+00,5.128106594085693359e+00
1.761182097968497992e+09,4.012179851531982422e+00,1.562558770179748535e+00,5.062718868255615234e+00
1.761182098037039280e+09,4.035676002502441406e+00,1.472554922103881836e+00,4.996877670288085938e+00
1.761182098101808786e+09,4.050365924835205078e+00,1.394506812095642090e+00,4.935459136962890625e+00
1.761182098168541193e+09,4.061069965362548828e+00,1.302834391593933105e+00,4.862312316894531250e+00
1.761182098237590551e+09,4.064930915832519531e+00,1.211043357849121094e+00,4.789141178131103516e+00
1.761182098301986694e+09,4.062863349914550781e+00,1.132753491401672363e+00,4.726675033569335938e+00
1.761182098368475437e+09,4.054283618927001953e+00,1.042293667793273926e+00,4.654223442077636719e+00
1.761182098437020779e+09,4.039204120635986328e+00,9.532092213630676270e-01,4.582104206085205078e+00
1.761182098501902580e+09,4.021260261535644531e+00,8.783075213432312012e-01,4.520603656768798828e+00
1.761182098568404675e+09,3.994659185409545898e+00,7.929987907409667969e-01,4.449285984039306641e+00
1.761182098636952639e+09,3.962146520614624023e+00,7.102096080780029297e-01,4.378266811370849609e+00
1.761182098701844215e+09,3.929742097854614258e+00,6.414754986763000488e-01,4.317653179168701172e+00
1.761182098768447161e+09,3.886826992034912109e+00,5.641236305236816406e-01,4.247186183929443359e+00
1.761182098837209463e+09,3.838600873947143555e+00,4.900877475738525391e-01,4.176791667938232422e+00
1.761182098901935339e+09,3.793211936950683594e+00,4.294815361499786377e-01,4.116525173187255859e+00
1.761182098968441486e+09,3.735756874084472656e+00,3.623848855495452881e-01,4.046262741088867188e+00
1.761182099037131071e+09,3.673721313476562500e+00,2.994076013565063477e-01,3.976568460464477539e+00
1.761182099101860523e+09,3.617485284805297852e+00,2.484258860349655151e-01,3.921736478805541992e+00
1.761182099168455124e+09,3.548444747924804688e+00,1.925674229860305786e-01,3.859258890151977539e+00
1.761182099237018108e+09,3.475728034973144531e+00,1.407915800809860229e-01,3.796859741210937500e+00
1.761182099301791906e+09,3.410624027252197266e+00,9.972281008958816528e-02,3.744371414184570312e+00
1.761182099368515253e+09,3.331924438476562500e+00,5.518420040607452393e-02,3.688487052917480469e+00
1.761182099437361717e+09,3.250267505645751953e+00,1.453992165625095367e-02,3.633275747299194336e+00
1.761182099501809359e+09,3.178150177001953125e+00,-1.744100451469421387e-02,3.589787483215332031e+00
1.761182099568428040e+09,3.091666460037231445e+00,-5.161546170711517334e-02,3.541912794113159180e+00
1.761182099637034416e+09,3.002600431442260742e+00,-8.215108513832092285e-02,3.494075298309326172e+00
1.761182099701779366e+09,2.924338817596435547e+00,-1.055648475885391235e-01,3.455687999725341797e+00
1.761182099768414021e+09,2.831000328063964844e+00,-1.300597637891769409e-01,3.414964914321899414e+00
1.761182099837281466e+09,2.735390186309814453e+00,-1.514493972063064575e-01,3.376545190811157227e+00
1.761182099901773930e+09,2.651795625686645508e+00,-1.677758693695068359e-01,3.348120927810668945e+00
1.761182099968431711e+09,2.552376985549926758e+00,-1.842711865901947021e-01,3.315612077713012695e+00
1.761182100037098169e+09,2.451282739639282227e+00,-1.978075951337814331e-01,3.283023357391357422e+00
1.761182100101810932e+09,2.363688945770263672e+00,-2.074968367815017700e-01,3.259914159774780273e+00
1.761182100168461084e+09,2.260694980621337891e+00,-2.167147099971771240e-01,3.235630035400390625e+00
1.761182100237015486e+09,2.157067298889160156e+00,-2.237574309110641479e-01,3.213841915130615234e+00
1.761182100301794767e+09,2.067909240722656250e+00,-2.286723256111145020e-01,3.200236320495605469e+00
1.761182100368435144e+09,1.963602185249328613e+00,-2.330356538295745850e-01,3.185534238815307617e+00
1.761182100437864780e+09,1.859069705009460449e+00,-2.359004765748977661e-01,3.171074628829956055e+00
1.761182100501811981e+09,1.769345521926879883e+00,-2.371516227722167969e-01,3.158657073974609375e+00
1.761182100568370342e+09,1.664573669433593750e+00,-2.376734167337417603e-01,3.148437976837158203e+00
1.761182100638586283e+09,1.559735059738159180e+00,-2.377510815858840942e-01,3.142807245254516602e+00
1.761182100701877594e+09,1.469836354255676270e+00,-2.374057918787002563e-01,3.138567447662353516e+00
1.761182100768376589e+09,1.364925742149353027e+00,-2.365235686302185059e-01,3.133745431900024414e+00
1.761182100838181734e+09,1.259996056556701660e+00,-2.351228296756744385e-01,3.128870248794555664e+00
1.761182100901796579e+09,1.170048475265502930e+00,-2.335181385278701782e-01,3.124719142913818359e+00
1.761182100968460321e+09,1.065106987953186035e+00,-2.311756610870361328e-01,3.119907379150390625e+00
1.761182101038035631e+09,9.601689577102661133e-01,-2.283192425966262817e-01,3.115030050277709961e+00
1.761182101101809502e+09,8.702285289764404297e-01,-2.254682332277297974e-01,3.110876798629760742e+00
1.761182101168405533e+09,7.653095126152038574e-01,-2.216724008321762085e-01,3.106063365936279297e+00
1.761182101238425255e+09,6.604043245315551758e-01,-2.174208760261535645e-01,3.101848125457763672e+00
1.761182101301809072e+09,5.704720020294189453e-01,-2.140761613845825195e-01,3.103732109069824219e+00
1.761182101368445635e+09,4.655327796936035156e-01,-2.106451988220214844e-01,3.107997179031372070e+00
1.761182101438598871e+09,3.606022596359252930e-01,-2.069216370582580566e-01,3.106243610382080078e+00
1.761182101501921892e+09,2.706772387027740479e-01,-2.033002972602844238e-01,3.102493762969970703e+00
1.761182101568418503e+09,1.657576113939285278e-01,-1.992422491312026978e-01,3.103168487548828125e+00
1.761182101638499975e+09,6.081799790263175964e-02,-1.957203596830368042e-01,3.107148647308349609e+00
1.761182101701760769e+09,-2.912374958395957947e-02,-1.925074458122253418e-01,3.106056690216064453e+00
1.761182101768560171e+09,-1.340366005897521973e-01,-1.882489174604415894e-01,3.101830482482910156e+00
1.761182101837844372e+09,-2.389280498027801514e-01,-1.834883838891983032e-01,3.097025632858276367e+00
1.761182101901806593e+09,-3.288163244724273682e-01,-1.790128052234649658e-01,3.092878103256225586e+00
1.761182101968430758e+09,-4.336618781089782715e-01,-1.733258664608001709e-01,3.088063716888427734e+00
1.761182102037384510e+09,-5.384784936904907227e-01,-1.671274751424789429e-01,3.083184242248535156e+00
1.761182102101752043e+09,-6.282966732978820801e-01,-1.614130437374114990e-01,3.079029798507690430e+00
1.761182102168556929e+09,-7.330537438392639160e-01,-1.542774885892868042e-01,3.074215650558471680e+00
1.761182102237879753e+09,-8.377746343612670898e-01,-1.466293036937713623e-01,3.069336652755737305e+00
1.761182102301774740e+09,-9.274785518646240234e-01,-1.393440663814544678e-01,3.062020063400268555e+00
1.761182102368502855e+09,-1.032001614570617676e+00,-1.293577402830123901e-01,3.048468112945556641e+00
1.761182102437696457e+09,-1.136370539665222168e+00,-1.178713217377662659e-01,3.034091472625732422e+00
1.761182102501779795e+09,-1.225629329681396484e+00,-1.063596233725547791e-01,3.017323017120361328e+00
1.761182102568450212e+09,-1.329429268836975098e+00,-9.054721146821975708e-02,2.993888378143310547e+00
1.761182102637355328e+09,-1.432816028594970703e+00,-7.222745567560195923e-02,2.969598531723022461e+00
1.761182102701729059e+09,-1.520937919616699219e+00,-5.395310372114181519e-02,2.943538427352905273e+00
1.761182102768442869e+09,-1.623017191886901855e+00,-2.938147261738777161e-02,2.910153388977050781e+00
1.761182102837355614e+09,-1.724149584770202637e+00,-1.174530829302966595e-03,2.874098062515258789e+00
1.761182102901950359e+09,-1.809783101081848145e+00,2.650115080177783966e-02,2.838003158569335938e+00
1.761182102968454599e+09,-1.908288717269897461e+00,6.278872489929199219e-02,2.794647932052612305e+00
1.761182103037186384e+09,-2.004304647445678711e+00,1.036725789308547974e-01,2.745554208755493164e+00
1.761182103101814747e+09,-2.084100961685180664e+00,1.424868702888488770e-01,2.700562477111816406e+00
1.761182103168518782e+09,-2.173909902572631836e+00,1.918334662914276123e-01,2.647859811782836914e+00
1.761182103237476826e+09,-2.259750843048095703e+00,2.458744496107101440e-01,2.590355634689331055e+00
1.761182103302036524e+09,-2.330013275146484375e+00,2.960837185382843018e-01,2.538488864898681641e+00
1.761182103368464231e+09,-2.408002614974975586e+00,3.588749170303344727e-01,2.477908849716186523e+00
1.761182103437805653e+09,-2.481656312942504883e+00,4.260220825672149658e-01,2.417567253112792969e+00
1.761182103501826763e+09,-2.541331052780151367e+00,4.869343638420104980e-01,2.366064310073852539e+00
1.761182103568449497e+09,-2.606789112091064453e+00,5.617089271545410156e-01,2.306109905242919922e+00
1.761182103637346983e+09,-2.667313337326049805e+00,6.404150724411010742e-01,2.243045330047607422e+00
1.761182103701688051e+09,-2.714592456817626953e+00,7.110245823860168457e-01,2.184648513793945312e+00
1.761182103768396378e+09,-2.764189958572387695e+00,7.965624928474426270e-01,2.115753650665283203e+00
1.761182103837054968e+09,-2.807728290557861328e+00,8.849966526031494141e-01,2.048241853713989258e+00
1.761182103901963472e+09,-2.840659379959106445e+00,9.623976349830627441e-01,1.995753288269042969e+00
1.761182103968392134e+09,-2.873698472976684570e+00,1.054345369338989258e+00,1.934072494506835938e+00
1.761182104037241697e+09,-2.900068759918212891e+00,1.147774457931518555e+00,1.867141962051391602e+00
1.761182104101873636e+09,-2.917399406433105469e+00,1.228684425354003906e+00,1.809245467185974121e+00
1.761182104168450594e+09,-2.931483745574951172e+00,1.323476195335388184e+00,1.741901040077209473e+00
1.761182104237055779e+09,-2.939041852951049805e+00,1.418298602104187012e+00,1.675096988677978516e+00
1.761182104301774263e+09,-2.940397977828979492e+00,1.499273777008056641e+00,1.618186473846435547e+00
1.761182104368399858e+09,-2.936125755310058594e+00,1.592888116836547852e+00,1.552151560783386230e+00
1.761182104437052250e+09,-2.925714969635009766e+00,1.685178399085998535e+00,1.486760616302490234e+00
1.761182104501824856e+09,-2.912057161331176758e+00,1.762931585311889648e+00,1.431088447570800781e+00
1.761182104568500757e+09,-2.890800237655639648e+00,1.851717829704284668e+00,1.366660594940185547e+00
1.761182104638029814e+09,-2.864029884338378906e+00,1.938218951225280762e+00,1.302830100059509277e+00
1.761182104701841116e+09,-2.836668252944946289e+00,2.010266304016113281e+00,1.246326804161071777e+00
1.761182104768482924e+09,-2.799207687377929688e+00,2.091378211975097656e+00,1.175875663757324219e+00
1.761182104837849855e+09,-2.756251096725463867e+00,2.168972969055175781e+00,1.105017066001892090e+00
1.761182104901882887e+09,-2.715285301208496094e+00,2.232567787170410156e+00,1.044607758522033691e+00
1.761182104968403101e+09,-2.662894248962402344e+00,2.303188085556030273e+00,9.744682312011718750e-01
1.761182105037455082e+09,-2.605776309967041016e+00,2.369782686233520508e+00,9.044874906539916992e-01
1.761182105101797104e+09,-2.553235530853271484e+00,2.423521518707275391e+00,8.446258902549743652e-01
1.761182105168428659e+09,-2.488404989242553711e+00,2.482538461685180664e+00,7.798123955726623535e-01
1.761182105237251759e+09,-2.420151948928833008e+00,2.537623643875122070e+00,7.179144620895385742e-01
1.761182105301784515e+09,-2.358982086181640625e+00,2.581508159637451172e+00,6.650556325912475586e-01
1.761182105368520737e+09,-2.284634351730346680e+00,2.628670930862426758e+00,6.033022403717041016e-01
1.761182105437752962e+09,-2.207212686538696289e+00,2.671356439590454102e+00,5.414474010467529297e-01
1.761182105501846313e+09,-2.138561725616455078e+00,2.704369544982910156e+00,4.894351363182067871e-01
1.761182105568522453e+09,-2.056172132492065430e+00,2.739294052124023438e+00,4.341091513633728027e-01
1.761182105637042046e+09,-1.971284031867980957e+00,2.770119667053222656e+00,3.794208467006683350e-01
1.761182105701896906e+09,-1.896650433540344238e+00,2.793315172195434570e+00,3.344284594058990479e-01
1.761182105768595934e+09,-1.807651638984680176e+00,2.817092657089233398e+00,2.865177690982818604e-01
1.761182105837114811e+09,-1.716594815254211426e+00,2.837044000625610352e+00,2.390484809875488281e-01
1.761182105902282238e+09,-1.636877894401550293e+00,2.851063966751098633e+00,1.992601007223129272e-01
1.761182105968961716e+09,-1.542138576507568359e+00,2.864429235458374023e+00,1.582211256027221680e-01
1.761182106038005352e+09,-1.445562243461608887e+00,2.874317884445190430e+00,1.178687736392021179e-01
1.761182106101761341e+09,-1.361326813697814941e+00,2.880329847335815430e+00,8.718578517436981201e-02
1.761182106168603420e+09,-1.261407971382141113e+00,2.884722948074340820e+00,5.446699261665344238e-02
1.761182106237949371e+09,-1.160004019737243652e+00,2.886158704757690430e+00,2.319800667464733124e-02
1.761182106301671982e+09,-1.072241783142089844e+00,2.885584592819213867e+00,1.462320098653435707e-03
1.761182106368538380e+09,-9.691851139068603516e-01,2.882745265960693359e+00,6.260694503784179688e+00
1.761182106437142611e+09,-8.656495213508605957e-01,2.877939701080322266e+00,6.241064071655273438e+00
1.761182106501727819e+09,-7.766469717025756836e-01,2.872710466384887695e+00,6.228039264678955078e+00
1.761182106568465233e+09,-6.726312041282653809e-01,2.865269899368286133e+00,6.214124202728271484e+00
1.761182106636725903e+09,-5.684534311294555664e-01,2.857204675674438477e+00,6.206894874572753906e+00
1.761182106701830864e+09,-4.790700376033782959e-01,2.849897623062133789e+00,6.202457427978515625e+00
1.761182106768457174e+09,-3.747015595436096191e-01,2.841216087341308594e+00,6.200765609741210938e+00
1.761182106837188244e+09,-2.702102959156036377e-01,2.833083391189575195e+00,6.204615116119384766e+00
1.761182106901772976e+09,-1.805721223354339600e-01,2.826497793197631836e+00,6.208638668060302734e+00
1.761182106968449831e+09,-7.592409104108810425e-02,2.819265604019165039e+00,6.213428497314453125e+00
1.761182107037468672e+09,2.880356647074222565e-02,2.812809705734252930e+00,6.220999240875244141e+00
1.761182107101778030e+09,1.186549812555313110e-01,2.808514118194580078e+00,6.232328414916992188e+00
1.761182107168447733e+09,2.235533893108367920e-01,2.804904222488403320e+00,6.246622085571289062e+00
1.761182107238341331e+09,3.284945189952850342e-01,2.802337408065795898e+00,6.256849288940429688e+00
1.761182107301951885e+09,4.184582233428955078e-01,2.800483465194702148e+00,6.261727809906005859e+00
1.761182107368543148e+09,5.234301090240478516e-01,2.798805952072143555e+00,6.266737461090087891e+00
1.761182107437490225e+09,6.284132599830627441e-01,2.797643661499023438e+00,6.271564006805419922e+00
1.761182107501748323e+09,7.184048295021057129e-01,2.797058582305908203e+00,6.275717735290527344e+00
1.761182107568535566e+09,8.233990073204040527e-01,2.796853542327880859e+00,6.280595779418945312e+00
1.761182107637240171e+09,9.283945560455322266e-01,2.797152757644653320e+00,2.223804593086242676e-03
1.761182107701836109e+09,1.018389582633972168e+00,2.797816753387451172e+00,6.377633661031723022e-03
1.761182107768434048e+09,1.123379945755004883e+00,2.799066543579101562e+00,1.125628221780061722e-02
1.761182107837489128e+09,1.228363990783691406e+00,2.800810337066650391e+00,1.595008373260498047e-02
1.761182107901790142e+09,1.318353652954101562e+00,2.802105188369750977e+00,1.480657793581485748e-02
1.761182107968498230e+09,1.423347830772399902e+00,2.803113222122192383e+00,1.050121057778596878e-02
1.761182108038312435e+09,1.528345942497253418e+00,2.803633928298950195e+00,5.757405888289213181e-03
1.761182108101808310e+09,1.618343830108642578e+00,2.803210258483886719e+00,6.280475616455078125e+00
1.761182108168549299e+09,1.723324418067932129e+00,2.801254034042358398e+00,6.266733169555664062e+00
1.761182108237399340e+09,1.828265905380249023e+00,2.797784328460693359e+00,6.252256870269775391e+00
1.761182108301807642e+09,1.918168306350708008e+00,2.793608427047729492e+00,6.239802360534667969e+00
1.761182108368524790e+09,2.022975444793701172e+00,2.787271261215209961e+00,6.224631786346435547e+00
1.761182108436718941e+09,2.127607345581054688e+00,2.778521537780761719e+00,6.202825546264648438e+00
1.761182108501695871e+09,2.217100381851196289e+00,2.768997430801391602e+00,6.182358741760253906e+00
1.761182108568522930e+09,2.321233510971069336e+00,2.755552768707275391e+00,6.158144950866699219e+00
1.761182108637012720e+09,2.425003051757812500e+00,2.739546537399291992e+00,6.133285045623779297e+00
1.761182108701717854e+09,2.513491392135620117e+00,2.723138809204101562e+00,6.106475353240966797e+00
1.761182108768424988e+09,2.616070985794067383e+00,2.700747728347778320e+00,6.073010444641113281e+00
1.761182108837085724e+09,2.717835187911987305e+00,2.674901485443115234e+00,6.039103507995605469e+00
1.761182108901837826e+09,2.804324388504028320e+00,2.650020837783813477e+00,6.010027885437011719e+00
1.761182108968441010e+09,2.904137849807739258e+00,2.617456674575805664e+00,5.972393512725830078e+00
1.761182109036936760e+09,3.002416133880615234e+00,2.580515623092651367e+00,5.929634571075439453e+00
1.761182109101829529e+09,3.085239410400390625e+00,2.545509099960327148e+00,5.892335414886474609e+00
1.761182109168440580e+09,3.179586648941040039e+00,2.501054048538208008e+00,5.848726272583007812e+00
1.761182109237097740e+09,3.270796060562133789e+00,2.452702999114990234e+00,5.802133560180664062e+00
1.761182109301751614e+09,3.345891714096069336e+00,2.407906055450439453e+00,5.757976055145263672e+00
1.761182109368468285e+09,3.429714679718017578e+00,2.352093458175659180e+00,5.706105232238769531e+00
1.761182109436902046e+09,3.509518861770629883e+00,2.292575120925903320e+00,5.654176235198974609e+00
1.761182109501801968e+09,3.574205398559570312e+00,2.238362789154052734e+00,5.604733943939208984e+00
1.761182109568451881e+09,3.645245075225830078e+00,2.171552896499633789e+00,5.545699119567871094e+00
1.761182109636835814e+09,3.711440801620483398e+00,2.101289272308349609e+00,5.486833572387695312e+00
1.761182109702068090e+09,3.764321088790893555e+00,2.038517951965332031e+00,5.436848640441894531e+00
1.761182109768449545e+09,3.821099758148193359e+00,1.962312340736389160e+00,5.374810218811035156e+00
1.761182109837220907e+09,3.872131347656250000e+00,1.882895588874816895e+00,5.309121608734130859e+00
1.761182109901814699e+09,3.911355018615722656e+00,1.812543749809265137e+00,5.252664566040039062e+00
1.761182109968519688e+09,3.951831579208374023e+00,1.728057265281677246e+00,5.186983108520507812e+00
1.761182110036911488e+09,3.986567020416259766e+00,1.641281008720397949e+00,5.121538162231445312e+00
1.761182110102588654e+09,4.011692047119140625e+00,1.565374016761779785e+00,5.065513610839843750e+00
1.761182110168456316e+09,4.035364627838134766e+00,1.475447177886962891e+00,4.998991012573242188e+00
1.761182110237274170e+09,4.052125453948974609e+00,1.384313106536865234e+00,4.926623821258544922e+00
1.761182110301774263e+09,4.060986995697021484e+00,1.305761337280273438e+00,4.863802433013916016e+00
1.761182110368447304e+09,4.064985752105712891e+00,1.214036941528320312e+00,4.790712833404541016e+00
1.761182110437144756e+09,4.062230587005615234e+00,1.122734904289245605e+00,4.717875957489013672e+00
1.761182110502285480e+09,4.054593563079833984e+00,1.045273542404174805e+00,4.655746459960937500e+00
1.761182110568442345e+09,4.039666175842285156e+00,9.562219381332397461e-01,4.583714962005615234e+00
1.761182110637094259e+09,4.018426895141601562e+00,8.689749836921691895e-01,4.512020111083984375e+00
1.761182110701802731e+09,3.995362997055053711e+00,7.959296107292175293e-01,4.450885295867919922e+00
1.761182110768477678e+09,3.962976217269897461e+00,7.130441665649414062e-01,4.379894256591796875e+00
1.761182110837157011e+09,3.924907445907592773e+00,6.330230236053466797e-01,4.309156417846679688e+00
1.761182110902050257e+09,3.887900114059448242e+00,5.668684840202331543e-01,4.248748302459716797e+00
1.761182110968435049e+09,3.839798450469970703e+00,4.927573502063751221e-01,4.178427696228027344e+00
1.761182111037198544e+09,3.786604166030883789e+00,4.222389757633209229e-01,4.108088970184326172e+00
1.761182111101805449e+09,3.737158536911010742e+00,3.648973703384399414e-01,4.047836303710937500e+00
1.761182111168387413e+09,3.675195217132568359e+00,3.018520176410675049e-01,3.977689266204833984e+00
1.761182111236999989e+09,3.609312534332275391e+00,2.426317036151885986e-01,3.913289785385131836e+00
1.761182111301855087e+09,3.549902200698852539e+00,1.949556767940521240e-01,3.859714984893798828e+00
1.761182111368448019e+09,3.477210283279418945e+00,1.431610882282257080e-01,3.797228813171386719e+00
1.761182111436796188e+09,3.401162385940551758e+00,9.540425240993499756e-02,3.737522125244140625e+00
1.761182111501829624e+09,3.333648681640625000e+00,5.736680701375007629e-02,3.690041542053222656e+00
1.761182111568554878e+09,3.252092123031616211e+00,1.658762991428375244e-02,3.635096311569213867e+00
1.761182111637141705e+09,3.167877674102783203e+00,-2.078516967594623566e-02,3.585685491561889648e+00
1.761182111702096939e+09,3.093666315078735352e+00,-5.009466409683227539e-02,3.544810771942138672e+00
1.761182111768467903e+09,3.004722833633422852e+00,-8.087366819381713867e-02,3.496922254562377930e+00
1.761182111836775064e+09,2.913447141647338867e+00,-1.083740293979644775e-01,3.453763961791992188e+00
1.761182111901800632e+09,2.833387374877929688e+00,-1.295156031847000122e-01,3.419082641601562500e+00
1.761182111968406439e+09,2.737880706787109375e+00,-1.510962396860122681e-01,3.378716707229614258e+00
1.761182112036934137e+09,2.640174865722656250e+00,-1.699333786964416504e-01,3.344019412994384766e+00
1.761182112101770163e+09,2.554855108261108398e+00,-1.839158535003662109e-01,3.315973043441772461e+00
1.761182112168394089e+09,2.453782558441162109e+00,-1.975196748971939087e-01,3.283821105957031250e+00
1.761182112237045050e+09,2.351552486419677734e+00,-2.088478952646255493e-01,3.257893323898315430e+00
1.761182112301773310e+09,2.263242483139038086e+00,-2.167482823133468628e-01,3.237219095230102539e+00
1.761182112368512869e+09,2.159625530242919922e+00,-2.238675802946090698e-01,3.214588403701782227e+00
1.761182112436895847e+09,2.055588245391845703e+00,-2.295222580432891846e-01,3.198450088500976562e+00
1.761182112502591610e+09,1.966168642044067383e+00,-2.331985831260681152e-01,3.185852527618408203e+00
1.761182112568399191e+09,1.861638665199279785e+00,-2.360880225896835327e-01,3.171318054199218750e+00
1.761182112637199402e+09,1.756953835487365723e+00,-2.374713569879531860e-01,3.156861543655395508e+00
1.761182112701770067e+09,1.667144775390625000e+00,-2.377777993679046631e-01,3.147591114044189453e+00
1.761182112768386126e+09,1.562306761741638184e+00,-2.377446144819259644e-01,3.141771793365478516e+00
1.761182112837377310e+09,1.457423567771911621e+00,-2.371882051229476929e-01,3.136769533157348633e+00
1.761182112901935101e+09,1.367499828338623047e+00,-2.362997233867645264e-01,3.132606983184814453e+00
1.761182112968414545e+09,1.262572050094604492e+00,-2.347885668277740479e-01,3.127796173095703125e+00
1.761182113037436247e+09,1.157635092735290527e+00,-2.327615767717361450e-01,3.122920751571655273e+00
1.761182113101772785e+09,1.067687749862670898e+00,-2.306209355592727661e-01,3.118768692016601562e+00
1.761182113168437958e+09,9.627529382705688477e-01,-2.276535928249359131e-01,3.113955974578857422e+00
1.761182113237442255e+09,8.578271865844726562e-01,-2.241724580526351929e-01,3.109078168869018555e+00
1.761182113301828146e+09,7.679012417793273926e-01,-2.207860797643661499e-01,3.104924678802490234e+00
1.761182113368448257e+09,6.629841923713684082e-01,-2.168424725532531738e-01,3.104401111602783203e+00
1.761182113437765837e+09,5.580450296401977539e-01,-2.134585976600646973e-01,3.108483076095581055e+00
1.761182113501810312e+09,4.680984020233154297e-01,-2.104775011539459229e-01,3.108222484588623047e+00
1.761182113568470955e+09,3.631784021854400635e-01,-2.064668089151382446e-01,3.104160308837890625e+00
1.761182113637394428e+09,2.582588195800781250e-01,-2.024233192205429077e-01,3.103696584701538086e+00
1.761182113701751709e+09,1.683104187250137329e-01,-1.994220614433288574e-01,3.107133150100708008e+00
1.761182113768399000e+09,6.337588280439376831e-02,-1.957555860280990601e-01,3.106399059295654297e+00
1.761182113837491274e+09,-4.153773933649063110e-02,-1.915218681097030640e-01,3.102080345153808594e+00
1.761182113901757717e+09,-1.314566880464553833e-01,-1.877181977033615112e-01,3.100225210189819336e+00
1.761182113968480825e+09,-2.363789379596710205e-01,-1.836917102336883545e-01,3.102392673492431641e+00
1.761182114038778305e+09,-3.412817120552062988e-01,-1.791849285364151001e-01,3.099140644073486328e+00
1.761182114101757526e+09,-4.311799108982086182e-01,-1.749110966920852661e-01,3.095194816589355469e+00
1.761182114168395996e+09,-5.360382795333862305e-01,-1.694642901420593262e-01,3.090416193008422852e+00
1.761182114237419605e+09,-6.408690810203552246e-01,-1.635099351406097412e-01,3.085540056228637695e+00
1.761182114301742315e+09,-7.307004332542419434e-01,-1.580060720443725586e-01,3.081385612487792969e+00
1.761182114368405104e+09,-8.354588150978088379e-01,-1.508984267711639404e-01,3.074339151382446289e+00
1.761182114437329769e+09,-9.401010870933532715e-01,-1.422508507966995239e-01,3.061188936233520508e+00
1.761182114501784801e+09,-1.029687047004699707e+00,-1.336334496736526489e-01,3.048894882202148438e+00
1.761182114568453312e+09,-1.134045600891113281e+00,-1.220604851841926575e-01,3.033050537109375000e+00
1.761182114637196064e+09,-1.238097667694091797e+00,-1.080031171441078186e-01,3.010590076446533203e+00
1.761182114701725483e+09,-1.326993107795715332e+00,-9.395650774240493774e-02,2.990045309066772461e+00
1.761182114768421650e+09,-1.430305719375610352e+00,-7.522440701723098755e-02,2.965489864349365234e+00
1.761182114836863756e+09,-1.532959461212158203e+00,-5.317685008049011230e-02,2.934319257736206055e+00
1.761182114901733398e+09,-1.620308995246887207e+00,-3.150897845625877380e-02,2.905595302581787109e+00
1.761182114968494892e+09,-1.721357345581054688e+00,-2.996165305376052856e-03,2.871098995208740234e+00
1.761182115036934376e+09,-1.821105599403381348e+00,2.976802177727222443e-02,2.829911947250366211e+00
1.761182115101778507e+09,-1.905397057533264160e+00,6.129629164934158325e-02,2.792828321456909180e+00
1.761182115168413162e+09,-2.001484394073486328e+00,1.022525355219841003e-01,2.744856595993041992e+00
1.761182115237564087e+09,-2.094202518463134766e+00,1.478459388017654419e-01,2.692493200302124023e+00
1.761182115301773310e+09,-2.170863151550292969e+00,1.903977990150451660e-01,2.647506713867187500e+00
1.761182115368490458e+09,-2.256941080093383789e+00,2.441523224115371704e-01,2.593207597732543945e+00
1.761182115436864138e+09,-2.338792324066162109e+00,3.027268946170806885e-01,2.533414840698242188e+00
1.761182115502223015e+09,-2.405597448348999023e+00,3.566015660762786865e-01,2.481568574905395508e+00
1.761182115568454266e+09,-2.479524374008178711e+00,4.235026240348815918e-01,2.421217203140258789e+00
1.761182115637131214e+09,-2.549092531204223633e+00,4.946039617061614990e-01,2.361159801483154297e+00
1.761182115701799393e+09,-2.605113983154296875e+00,5.587749481201171875e-01,2.309086084365844727e+00
1.761182115768427372e+09,-2.665440320968627930e+00,6.376209855079650879e-01,2.242112398147583008e+00
1.761182115837067127e+09,-2.720041751861572266e+00,7.203740477561950684e-01,2.173250675201416016e+00
1.761182115901800156e+09,-2.762379407882690430e+00,7.938181161880493164e-01,2.117331027984619141e+00
1.761182115968411207e+09,-2.806800842285156250e+00,8.817755579948425293e-01,2.056015014648437500e+00
1.761182116037002087e+09,-2.844942092895507812e+00,9.722006916999816895e-01,1.989451408386230469e+00
1.761182116101797581e+09,-2.872411251068115234e+00,1.051235675811767578e+00,1.931084990501403809e+00
1.761182116168417215e+09,-2.898682355880737305e+00,1.144746780395507812e+00,1.866202116012573242e+00
1.761182116237155437e+09,-2.919001340866088867e+00,1.239011764526367188e+00,1.803558230400085449e+00
1.761182116301816702e+09,-2.931099414825439453e+00,1.320259809494018555e+00,1.746613502502441406e+00
1.761182116368484974e+09,-2.939132452011108398e+00,1.415129423141479492e+00,1.679901599884033203e+00
1.761182116437325239e+09,-2.940719604492187500e+00,1.509522080421447754e+00,1.613435387611389160e+00
1.761182116501766205e+09,-2.937058687210083008e+00,1.589736223220825195e+00,1.556935191154479980e+00
1.761182116568484068e+09,-2.927092075347900391e+00,1.682072639465332031e+00,1.491494774818420410e+00
1.761182116637050629e+09,-2.911171674728393555e+00,1.772711992263793945e+00,1.426592469215393066e+00
1.761182116701756001e+09,-2.892957210540771484e+00,1.848829984664916992e+00,1.371418595314025879e+00
1.761182116768502712e+09,-2.866579771041870117e+00,1.935537099838256836e+00,1.307523965835571289e+00
1.761182116836882830e+09,-2.834374904632568359e+00,2.019377231597900391e+00,1.239042639732360840e+00
1.761182116902071953e+09,-2.802075862884521484e+00,2.088693857192993164e+00,1.178236007690429688e+00
1.761182116968436718e+09,-2.759277343750000000e+00,2.166405439376831055e+00,1.107370495796203613e+00
1.761182117037181616e+09,-2.711275577545166016e+00,2.240476369857788086e+00,1.036923050880432129e+00
1.761182117101764441e+09,-2.666192054748535156e+00,2.300898075103759766e+00,9.767662286758422852e-01
1.761182117168504238e+09,-2.609218120574951172e+00,2.367637872695922852e+00,9.067594408988952637e-01
1.761182117236927032e+09,-2.547754049301147461e+00,2.430167198181152344e+00,8.369477391242980957e-01
1.761182117301768780e+09,-2.491915702819824219e+00,2.480459213256835938e+00,7.800605893135070801e-01
1.761182117368420839e+09,-2.423646926879882812e+00,2.535510778427124023e+00,7.178693413734436035e-01
1.761182117437103510e+09,-2.352061748504638672e+00,2.586371660232543945e+00,6.561423540115356445e-01
1.761182117501819134e+09,-2.288131237030029297e+00,2.626527070999145508e+00,6.032407283782958984e-01
1.761182117568470955e+09,-2.210675716400146484e+00,2.669224023818969727e+00,5.413790941238403320e-01
1.761182117636836767e+09,-2.130450725555419922e+00,2.707707881927490234e+00,4.831792116165161133e-01
1.761182117701699734e+09,-2.059726953506469727e+00,2.737609148025512695e+00,4.362769126892089844e-01
1.761182117768458843e+09,-1.974922776222229004e+00,2.768634080886840820e+00,3.816363513469696045e-01
1.761182117837439060e+09,-1.887762665748596191e+00,2.795435190200805664e+00,3.279371261596679688e-01
1.761182117901694298e+09,-1.811413645744323730e+00,2.815524578094482422e+00,2.864669263362884521e-01
1.761182117968415737e+09,-1.720360517501831055e+00,2.835445880889892578e+00,2.389363944530487061e-01
1.761182118037362814e+09,-1.627328753471374512e+00,2.851788520812988281e+00,1.950660943984985352e-01
1.761182118101718664e+09,-1.546132087707519531e+00,2.863241910934448242e+00,1.605338007211685181e-01
1.761182118168433428e+09,-1.449625134468078613e+00,2.873360633850097656e+00,1.203086823225021362e-01
1.761182118237218380e+09,-1.351294636726379395e+00,2.880414247512817383e+00,8.487831801176071167e-02
1.761182118301791430e+09,-1.265597581863403320e+00,2.884208440780639648e+00,5.695141851902008057e-02
1.761182118368467331e+09,-1.164215326309204102e+00,2.885893583297729492e+00,2.569387480616569519e-02
1.761182118437551260e+09,-1.061779260635375977e+00,2.885316610336303711e+00,5.358986090868711472e-04
1.761182118501746655e+09,-9.734090566635131836e-01,2.882954835891723633e+00,6.263196945190429688e+00
1.761182118568418980e+09,-8.698803186416625977e-01,2.878156900405883789e+00,6.241503715515136719e+00
1.761182118636994123e+09,-7.660347223281860352e-01,2.871918201446533203e+00,6.225774288177490234e+00
1.761182118701739788e+09,-6.768726706504821777e-01,2.865441083908081055e+00,6.213912963867187500e+00
1.761182118768422604e+09,-5.726991295814514160e-01,2.857354402542114258e+00,6.206670284271240234e+00
1.761182118837850809e+09,-4.684165120124816895e-01,2.848772048950195312e+00,6.201558589935302734e+00
1.761182118901754141e+09,-3.789536654949188232e-01,2.841323375701904297e+00,6.200539588928222656e+00
1.761182118968470097e+09,-2.744652032852172852e-01,2.833167552947998047e+00,6.204389572143554688e+00
1.761182119038050890e+09,-1.698841899633407593e-01,2.825492858886718750e+00,6.209065914154052734e+00
1.761182119101801157e+09,-8.018321543931961060e-02,2.819306135177612305e+00,6.213202953338623047e+00
1.761182119168443680e+09,2.454590611159801483e-02,2.812881469726562500e+00,6.221238613128662109e+00
1.761182119237828970e+09,1.293808519840240479e-01,2.808030605316162109e+00,6.234783649444580078e+00
1.761182119301765680e+09,2.192991822957992554e-01,2.805071592330932617e+00,6.247116565704345703e+00
1.761182119368407726e+09,3.242374062538146973e-01,2.802394390106201172e+00,6.256183624267578125e+00
1.761182119438031197e+09,4.291941225528717041e-01,2.800170421600341797e+00,6.261569499969482422e+00
1.761182119501791477e+09,5.191695094108581543e-01,2.798681735992431641e+00,6.265790939331054688e+00
1.761182119568418264e+09,6.241515278816223145e-01,2.797429084777832031e+00,6.270678520202636719e+00
1.761182119637776613e+09,7.291413545608520508e-01,2.796684741973876953e+00,6.275491714477539062e+00
1.761182119701656342e+09,8.191363811492919922e-01,2.796455383300781250e+00,6.279644966125488281e+00
1.761182119768405437e+09,9.241321682929992676e-01,2.796663522720336914e+00,1.337922061793506145e-03
1.761182119838359833e+09,1.029126882553100586e+00,2.797375440597534180e+00,6.151732522994279861e-03
1.761182119902174711e+09,1.119119286537170410e+00,2.798393249511718750e+00,1.030570920556783676e-02
1.761182119968406439e+09,1.224104523658752441e+00,2.800055503845214844e+00,1.518444344401359558e-02
1.761182120038669586e+09,1.329092025756835938e+00,2.801596403121948242e+00,1.458071451634168625e-02
1.761182120101769447e+09,1.419087052345275879e+00,2.802472352981567383e+00,1.097124349325895309e-02
1.761182120168402195e+09,1.524084806442260742e+00,2.803034782409667969e+00,6.188482511788606644e-03
1.761182120237590313e+09,1.629082560539245605e+00,2.802633523941040039e+00,6.280249595642089844e+00
1.761182120301844358e+09,1.719067335128784180e+00,2.801026821136474609e+00,6.268513202667236328e+00
1.761182120368399143e+09,1.824015259742736816e+00,2.797753810882568359e+00,6.254136085510253906e+00
1.761182120437984943e+09,1.928904771804809570e+00,2.792963981628417969e+00,6.239576816558837891e+00
1.761182120501766205e+09,2.018739461898803711e+00,2.787531375885009766e+00,6.225815296173095703e+00
1.761182120568420172e+09,2.123374462127685547e+00,2.778817653656005859e+00,6.203352928161621094e+00
1.761182120636986017e+09,2.227768898010253906e+00,2.767580509185791016e+00,6.179390430450439453e+00
1.761182120701740980e+09,2.317012310028076172e+00,2.755948305130004883e+00,6.158645153045654297e+00
1.761182120768418312e+09,2.420796394348144531e+00,2.740033388137817383e+00,6.134262084960937500e+00
1.761182120837789297e+09,2.524021863937377930e+00,2.720840215682983398e+00,6.103479862213134766e+00
1.761182120901791334e+09,2.611936807632446289e+00,2.701594114303588867e+00,6.074807643890380859e+00
1.761182120968424320e+09,2.713749170303344727e+00,2.675939321517944336e+00,6.040984630584716797e+00
1.761182121036806822e+09,2.814634561538696289e+00,2.646851778030395508e+00,6.007032394409179688e+00
1.761182121101972103e+09,2.900178432464599609e+00,2.618901252746582031e+00,5.974790573120117188e+00
1.761182121168396473e+09,2.998550176620483398e+00,2.582209825515747070e+00,5.932158946990966797e+00
1.761182121237277269e+09,3.095165014266967773e+00,2.541311979293823242e+00,5.888683319091796875e+00
1.761182121301732302e+09,3.176079511642456055e+00,2.503128290176391602e+00,5.851266384124755859e+00
1.761182121368412495e+09,3.267229557037353516e+00,2.454775094985961914e+00,5.802349090576171875e+00
1.761182121437026739e+09,3.354595184326171875e+00,2.402173280715942383e+00,5.750356674194335938e+00
1.761182121501632690e+09,3.426305294036865234e+00,2.354016542434692383e+00,5.705854892730712891e+00
1.761182121568435192e+09,3.506106615066528320e+00,2.294549226760864258e+00,5.654496192932128906e+00
1.761182121637222052e+09,3.581452131271362305e+00,2.231208324432373047e+00,5.598422527313232422e+00
1.761182121701759577e+09,3.642170667648315430e+00,2.173878192901611328e+00,5.547935009002685547e+00
1.761182121768406391e+09,3.708542823791503906e+00,2.103749513626098633e+00,5.489148139953613281e+00
1.761182121837164640e+09,3.770024776458740234e+00,2.030444860458374023e+00,5.430530071258544922e+00
1.761182121901737213e+09,3.818383455276489258e+00,1.964937090873718262e+00,5.376006126403808594e+00
1.761182121968398094e+09,3.869496107101440430e+00,1.885565638542175293e+00,5.310159206390380859e+00
1.761182122037070036e+09,3.914926528930664062e+00,1.803351163864135742e+00,5.244276046752929688e+00
1.761182122101788282e+09,3.949354171752929688e+00,1.730805635452270508e+00,5.188018321990966797e+00
1.761182122168430328e+09,3.984187602996826172e+00,1.644047737121582031e+00,5.122558116912841797e+00
1.761182122238825798e+09,4.013161659240722656e+00,1.555416941642761230e+00,5.057174682617187500e+00
1.761182122301707506e+09,4.033269405364990234e+00,1.478277802467346191e+00,5.001211643218994141e+00
1.761182122368472576e+09,4.050475597381591797e+00,1.387264609336853027e+00,4.930551528930664062e+00
1.761182122437525749e+09,4.060718536376953125e+00,1.295602083206176758e+00,4.857429504394531250e+00
1.761182122501708746e+09,4.064058780670166016e+00,1.216945767402648926e+00,4.794764995574951172e+00
1.761182122568532467e+09,4.061686038970947266e+00,1.125656604766845703e+00,4.721952915191650391e+00
1.761182122638330698e+09,4.052672386169433594e+00,1.035314679145812988e+00,4.649491786956787109e+00
1.761182122701715708e+09,4.039783954620361328e+00,9.589709639549255371e-01,4.587730884552001953e+00
1.761182122768395901e+09,4.018892765045166016e+00,8.715773224830627441e-01,4.516054630279541016e+00
1.761182122837524891e+09,3.991889476776123047e+00,7.863823771476745605e-01,4.444659709930419922e+00
1.761182122901764154e+09,3.964060306549072266e+00,7.154093980789184570e-01,4.383802413940429688e+00
1.761182122968415499e+09,3.926304101943969727e+00,6.352158188819885254e-01,4.313127040863037109e+00
1.761182123038217545e+09,3.883039951324462891e+00,5.580816268920898438e-01,4.242617130279541016e+00
1.761182123101873159e+09,3.841735124588012695e+00,4.946004450321197510e-01,4.182312488555908203e+00
1.761182123168479681e+09,3.788821458816528320e+00,4.238697588443756104e-01,4.112035751342773438e+00
1.761182123237673044e+09,3.731055974960327148e+00,3.570333719253540039e-01,4.041709899902343750e+00
1.761182123301720858e+09,3.677871227264404297e+00,3.030536174774169922e-01,3.981445550918579102e+00
1.761182123368452549e+09,3.612129449844360352e+00,2.437049150466918945e-01,3.916089773178100586e+00
1.761182123438282013e+09,3.542734146118164062e+00,1.882167160511016846e-01,3.853558063507080078e+00
1.761182123501741886e+09,3.480367898941040039e+00,1.439385861158370972e-01,3.800034761428833008e+00
1.761182123568430424e+09,3.404397010803222656e+00,9.607084095478057861e-02,3.739443302154541016e+00
1.761182123637608290e+09,3.325443029403686523e+00,5.184103921055793762e-02,3.683815240859985352e+00
1.761182123701749563e+09,3.255405664443969727e+00,1.703235879540443420e-02,3.636534214019775391e+00
1.761182123768394470e+09,3.171227931976318359e+00,-2.030744217336177826e-02,3.586136817932128906e+00
1.761182123838259697e+09,3.084551095962524414e+00,-5.423740297555923462e-02,3.538403272628784180e+00
1.761182123901802063e+09,3.008236169815063477e+00,-8.039227128028869629e-02,3.497391939163208008e+00
1.761182123968412161e+09,2.916954755783081055e+00,-1.077734604477882385e-01,3.453171014785766602e+00
1.761182124037404537e+09,2.823447704315185547e+00,-1.320939213037490845e-01,3.412552118301391602e+00
1.761182124101819992e+09,2.741545677185058594e+00,-1.503352969884872437e-01,3.378462076187133789e+00
1.761182124168462276e+09,2.644015550613403320e+00,-1.692063361406326294e-01,3.344474792480468750e+00
1.761182124237737656e+09,2.544509887695312500e+00,-1.853443831205368042e-01,3.311937093734741211e+00
1.761182124301747322e+09,2.457884550094604492e+00,-1.968180388212203979e-01,3.283998489379882812e+00
1.761182124368453741e+09,2.355728387832641602e+00,-2.080513089895248413e-01,3.257408618927001953e+00
1.761182124436840057e+09,2.252703428268432617e+00,-2.170213013887405396e-01,3.233194351196289062e+00
1.761182124501681805e+09,2.163893938064575195e+00,-2.230283915996551514e-01,3.214878559112548828e+00
1.761182124568501949e+09,2.059892892837524414e+00,-2.287594377994537354e-01,3.199119329452514648e+00
1.761182124637605429e+09,1.955578207969665527e+00,-2.330203205347061157e-01,3.184541702270507812e+00
1.761182124701707602e+09,1.865984916687011719e+00,-2.354740351438522339e-01,3.172125577926635742e+00
1.761182124768539190e+09,1.761313199996948242e+00,-2.369322180747985840e-01,3.157607555389404297e+00
1.761182124837747812e+09,1.656540274620056152e+00,-2.375058978796005249e-01,3.148549795150756836e+00
1.761182124901802778e+09,1.566681027412414551e+00,-2.376382648944854736e-01,3.143862247467041016e+00
1.761182124968396902e+09,1.461801409721374512e+00,-2.373113036155700684e-01,3.138959169387817383e+00
1.761182125038269997e+09,1.356890082359313965e+00,-2.364609688520431519e-01,3.134076595306396484e+00
1.761182125101869583e+09,1.266950368881225586e+00,-2.353261262178421021e-01,3.129925966262817383e+00
1.761182125168731689e+09,1.162011027336120605e+00,-2.335309386253356934e-01,3.125115156173706055e+00
1.761182125237983465e+09,1.057068586349487305e+00,-2.312214225530624390e-01,3.120238780975341797e+00
1.761182125301808119e+09,9.671202898025512695e-01,-2.288390994071960449e-01,3.116085767745971680e+00
1.761182125368430376e+09,8.621877431869506836e-01,-2.255899608135223389e-01,3.111272811889648438e+00
1.761182125438859701e+09,7.572674155235290527e-01,-2.218271493911743164e-01,3.106394767761230469e+00
1.761182125501737595e+09,6.673482060432434082e-01,-2.181993722915649414e-01,3.102241039276123047e+00
1.761182125568509102e+09,5.624340176582336426e-01,-2.141220718622207642e-01,3.102844715118408203e+00
1.761182125638643265e+09,4.574977457523345947e-01,-2.106010317802429199e-01,3.107150077819824219e+00
1.761182125701775551e+09,3.675541579723358154e-01,-2.075010389089584351e-01,3.106918334960937500e+00
1.761182125768384218e+09,2.626386582851409912e-01,-2.033527344465255737e-01,3.102860927581787109e+00
1.761182125837490320e+09,1.577238440513610840e-01,-1.991724222898483276e-01,3.102397441864013672e+00
1.761182125901730299e+09,6.777902692556381226e-02,-1.960541158914566040e-01,3.105834245681762695e+00
1.761182125968500614e+09,-3.715097904205322266e-02,-1.922512203454971313e-01,3.105099916458129883e+00
1.761182126037174225e+09,-1.420592367649078369e-01,-1.878811717033386230e-01,3.100781202316284180e+00
1.761182126101721764e+09,-2.319635301828384399e-01,-1.837420016527175903e-01,3.096694231033325195e+00
1.761182126168551683e+09,-3.368297517299652100e-01,-1.784520298242568970e-01,3.091889381408691406e+00
1.761182126237501860e+09,-4.416691362857818604e-01,-1.726530194282531738e-01,3.087010383605957031e+00
1.761182126301765680e+09,-5.315084457397460938e-01,-1.672816723585128784e-01,3.082855701446533203e+00
1.761182126368459940e+09,-6.362919807434082031e-01,-1.605466604232788086e-01,3.078041315078735352e+00
1.761182126437252283e+09,-7.410413622856140137e-01,-1.532990485429763794e-01,3.073162317276000977e+00
1.761182126502182245e+09,-8.307979106903076172e-01,-1.466850787401199341e-01,3.069008111953735352e+00
1.761182126568434238e+09,-9.354603290557861328e-01,-1.382820457220077515e-01,3.061962127685546875e+00
1.761182126637350321e+09,-1.039987564086914062e+00,-1.283402442932128906e-01,3.048812150955200195e+00
1.761182126701838017e+09,-1.129459977149963379e+00,-1.186148151755332947e-01,3.036517858505249023e+00
1.761182126768402576e+09,-1.233603239059448242e+00,-1.052513793110847473e-01,3.016554594039916992e+00
1.761182126837564707e+09,-1.337386369705200195e+00,-8.932862430810928345e-02,2.992864131927490234e+00
1.761182126901881695e+09,-1.426015496253967285e+00,-7.369029521942138672e-02,2.972039699554443359e+00
1.761182126968489170e+09,-1.528821825981140137e+00,-5.236562713980674744e-02,2.941266536712646484e+00
1.761182127037083626e+09,-1.630843520164489746e+00,-2.755584195256233215e-02,2.907801389694213867e+00
1.761182127101755381e+09,-1.717521548271179199e+00,-3.348390804603695869e-03,2.876538753509521484e+00
1.761182127168622732e+09,-1.817404389381408691e+00,2.900389954447746277e-02,2.834315061569213867e+00
1.761182127237587214e+09,-1.915732026100158691e+00,6.565163284540176392e-02,2.790817737579345703e+00
1.761182127301768064e+09,-1.998047471046447754e+00,1.005415692925453186e-01,2.750261306762695312e+00
1.761182127368469238e+09,-2.091135978698730469e+00,1.456639319658279419e-01,2.698146581649780273e+00
1.761182127437009573e+09,-2.180650472640991211e+00,1.951909959316253662e-01,2.645003557205200195e+00
1.761182127501797676e+09,-2.254139184951782227e+00,2.415588945150375366e-01,2.594387531280517578e+00
1.761182127568516254e+09,-2.336036920547485352e+00,3.001523911952972412e-01,2.533728837966918945e+00
1.761182127636813402e+09,-2.413657188415527344e+00,3.632868826389312744e-01,2.473105430603027344e+00
1.761182127701720715e+09,-2.476783514022827148e+00,4.208896458148956299e-01,2.421412944793701172e+00
1.761182127768451929e+09,-2.546374797821044922e+00,4.919849038124084473e-01,2.361343622207641602e+00
1.761182127837098837e+09,-2.611466169357299805e+00,5.670678019523620605e-01,2.301327943801879883e+00
1.761182127901733160e+09,-2.663275718688964844e+00,6.345798969268798828e-01,2.246857643127441406e+00
1.761182127968450785e+09,-2.718328237533569336e+00,7.170088887214660645e-01,2.178608179092407227e+00
1.761182128037498474e+09,-2.767424106597900391e+00,8.028666377067565918e-01,2.109748363494873047e+00
1.761182128101757765e+09,-2.804852724075317383e+00,8.786067962646484375e-01,2.053828477859497070e+00
1.761182128168438435e+09,-2.843524217605590820e+00,9.688806533813476562e-01,1.993498206138610840e+00
1.761182128237526417e+09,-2.875978946685791016e+00,1.060989975929260254e+00,1.928823828697204590e+00
1.761182128302040577e+09,-2.898495435714721680e+00,1.141183257102966309e+00,1.870905756950378418e+00
1.761182128368552685e+09,-2.918604373931884766e+00,1.235598206520080566e+00,1.803195476531982422e+00
1.761182128437519789e+09,-2.932127237319946289e+00,1.330513238906860352e+00,1.735937118530273438e+00
1.761182128501778126e+09,-2.938519716262817383e+00,1.411818027496337891e+00,1.678704142570495605e+00
1.761182128568471193e+09,-2.940297842025756836e+00,1.506237387657165527e+00,1.614369988441467285e+00
1.761182128636967421e+09,-2.935719251632690430e+00,1.599711060523986816e+00,1.548722624778747559e+00
1.761182128702104568e+09,-2.926896572113037109e+00,1.678793787956237793e+00,1.492712736129760742e+00
1.761182128768476725e+09,-2.911075115203857422e+00,1.769528985023498535e+00,1.427794098854064941e+00
1.761182128837370157e+09,-2.889526128768920898e+00,1.858262658119201660e+00,1.363411664962768555e+00
1.761182128901753426e+09,-2.866679191589355469e+00,1.932421803474426270e+00,1.308655500411987305e+00
1.761182128968479633e+09,-2.834812641143798828e+00,2.016456127166748047e+00,1.242223262786865234e+00
1.761182129037392378e+09,-2.797004222869873047e+00,2.097310304641723633e+00,1.171517252922058105e+00
1.761182129101771593e+09,-2.760202169418334961e+00,2.163897752761840820e+00,1.110806226730346680e+00
1.761182129168461323e+09,-2.712463855743408203e+00,2.238134145736694336e+00,1.040315866470336914e+00
1.761182129236944199e+09,-2.659777641296386719e+00,2.308502197265625000e+00,9.701274037361145020e-01
1.761182129301856518e+09,-2.610861778259277344e+00,2.365617036819458008e+00,9.101793766021728516e-01
1.761182129368682623e+09,-2.549613714218139648e+00,2.428353309631347656e+00,8.403754234313964844e-01
1.761182129437482834e+09,-2.484430313110351562e+00,2.486982822418212891e+00,7.745314836502075195e-01
1.761182129501646757e+09,-2.425861120223999023e+00,2.534127235412597656e+00,7.212963700294494629e-01
1.761182129568362236e+09,-2.354429483413696289e+00,2.585249185562133789e+00,6.595603227615356445e-01
1.761182129637281656e+09,-2.279789209365844727e+00,2.632033824920654297e+00,5.978499650955200195e-01
1.761182129701765299e+09,-2.213364124298095703e+00,2.668563127517700195e+00,5.447912812232971191e-01
1.761182129768681049e+09,-2.133223295211791992e+00,2.707075119018554688e+00,4.847210943698883057e-01
1.761182129837648392e+09,-2.050632476806640625e+00,2.741686105728149414e+00,4.296132028102874756e-01
1.761182129901740551e+09,-1.977883815765380859e+00,2.768066406250000000e+00,3.827977478504180908e-01
1.761182129968436480e+09,-1.890820622444152832e+00,2.795149087905883789e+00,3.308537304401397705e-01
1.761182130037516356e+09,-1.801651716232299805e+00,2.818690776824951172e+00,2.832274734973907471e-01
1.761182130101813793e+09,-1.723559021949768066e+00,2.835811138153076172e+00,2.425205111503601074e-01
1.761182130168465137e+09,-1.630621433258056641e+00,2.852236270904541016e+00,1.967262625694274902e-01
1.761182130237017632e+09,-1.535776615142822266e+00,2.865428924560546875e+00,1.559841781854629517e-01
1.761182130301818609e+09,-1.452991962432861328e+00,2.873968839645385742e+00,1.214583441615104675e-01
1.761182130368422031e+09,-1.354767441749572754e+00,2.881123065948486328e+00,8.603398501873016357e-02
1.761182130437092304e+09,-1.254807472229003906e+00,2.885441303253173828e+00,5.353574082255363464e-02
1.761182130504804373e+09,-1.167921900749206543e+00,2.886694908142089844e+00,2.575899101793766022e-02
1.761182130569868565e+09,-1.065567493438720703e+00,2.885933399200439453e+00,6.282495021820068359e+00
1.761182130639020681e+09,-9.624935388565063477e-01,2.882852554321289062e+00,6.258369445800781250e+00
1.761182130701804161e+09,-8.737599253654479980e-01,2.878749370574951172e+00,6.242167949676513672e+00
1.761182130768731594e+09,-7.699362635612487793e-01,2.872653961181640625e+00,6.227018833160400391e+00
1.761182130838753939e+09,-6.659135222434997559e-01,2.865181207656860352e+00,6.213833332061767578e+00
1.761182130901814222e+09,-5.766169428825378418e-01,2.858344554901123047e+00,6.208006858825683594e+00
1.761182130968518734e+09,-4.723345041275024414e-01,2.849901437759399414e+00,6.202897548675537109e+00
1.761182131037686586e+09,-3.679479062557220459e-01,2.841398715972900391e+00,6.202308654785156250e+00
1.761182131101924896e+09,-2.783757448196411133e-01,2.834557056427001953e+00,6.205728054046630859e+00
1.761182131168626547e+09,-1.737888604402542114e-01,2.827022552490234375e+00,6.210404396057128906e+00
1.761182131237374067e+09,-6.912641227245330811e-02,2.819982767105102539e+00,6.215264797210693359e+00
1.761182131301710606e+09,2.063415572047233582e-02,2.814353227615356445e+00,6.219535827636718750e+00
1.761182131368512154e+09,1.254447847604751587e-01,2.809037208557128906e+00,6.230926036834716797e+00
1.761182131437152386e+09,2.303377687931060791e-01,2.805259704589843750e+00,6.244998455047607422e+00
1.761182131501867533e+09,3.202902376651763916e-01,2.803213596343994141e+00,6.257287979125976562e+00
1.761182131568428993e+09,4.252550601959228516e-01,2.801447391510009766e+00,6.265270233154296875e+00
1.761182131637023926e+09,5.302327871322631836e-01,2.800168514251708984e+00,6.270577907562255859e+00
1.761182131701758385e+09,6.202211380004882812e-01,2.799486637115478516e+00,6.274781227111816406e+00
1.761182131768635035e+09,7.252129316329956055e-01,2.799169778823852539e+00,6.279600620269775391e+00
1.761182131837234735e+09,8.302071690559387207e-01,2.799371004104614258e+00,1.293310779146850109e-03
1.761182131901844025e+09,9.202018976211547852e-01,2.799947500228881836e+00,5.446648690849542618e-03
1.761182131968451738e+09,1.025192618370056152e+00,2.801090717315673828e+00,1.026026438921689987e-02
1.761182132036868572e+09,1.130177497863769531e+00,2.802748203277587891e+00,1.513885520398616791e-02
1.761182132101785183e+09,1.220165848731994629e+00,2.804100275039672852e+00,1.497432682663202286e-02
1.761182132168481112e+09,1.325159430503845215e+00,2.805156230926513672e+00,1.092560123652219772e-02
1.761182132238459587e+09,1.430157065391540527e+00,2.805713653564453125e+00,6.142845842987298965e-03
1.761182132301827908e+09,1.520156383514404297e+00,2.805798530578613281e+00,1.997201470658183098e-03
1.761182132368546247e+09,1.625155329704284668e+00,2.805432558059692383e+00,6.280367851257324219e+00
1.761182132437389374e+09,1.730151176452636719e+00,2.804554939270019531e+00,6.275488376617431641e+00
1.761182132501788139e+09,1.820143580436706543e+00,2.803400516510009766e+00,6.271333694458007812e+00
1.761182132568627357e+09,1.925127625465393066e+00,2.801584243774414062e+00,6.266519546508789062e+00
1.761182132636901855e+09,2.030101537704467773e+00,2.799253940582275391e+00,6.261640548706054688e+00
1.761182132701801777e+09,2.120069265365600586e+00,2.796854019165039062e+00,6.257486343383789062e+00
1.761182132768419504e+09,2.225018262863159180e+00,2.793584585189819336e+00,6.252672195434570312e+00
1.761182132838190794e+09,2.329949855804443359e+00,2.789801120758056641e+00,6.247793674468994141e+00
1.761182132901699781e+09,2.419875860214233398e+00,2.786155700683593750e+00,6.243639469146728516e+00
1.761182132968448877e+09,2.524769544601440430e+00,2.781433105468750000e+00,6.238825321197509766e+00
1.761182133037320375e+09,2.629638910293579102e+00,2.776197195053100586e+00,6.233946323394775391e+00
1.761182133101745367e+09,2.719505786895751953e+00,2.771306991577148438e+00,6.229792118072509766e+00
