# x,y,yaw,v,t
-1.511967906782026194e+00,-8.263425139585730550e-01,1.412532177084484530e+00,0.000000000000000000e+00,0.000000000000000000e+00
-1.511173456590745978e+00,-8.285102244389900283e-01,1.413698879579066148e+00,0.000000000000000000e+00,0.000000000000000000e+00
-1.512908720633801885e+00,-8.259902755608958813e-01,1.413761669966781653e+00,0.000000000000000000e+00,0.000000000000000000e+00
-1.517040058311657225e+00,-8.284295818714865201e-01,1.412534749804590151e+00,0.000000000000000000e+00,2.020835199982684571e-02
-1.518618619496199695e+00,-8.282777973345667455e-01,1.412097937631630717e+00,0.000000000000000000e+00,3.868252800020854920e-02
-1.517346414210832828e+00,-8.308691956562394010e-01,1.413311685648261706e+00,0.000000000000000000e+00,6.310284800019871909e-02
-1.516739743270571594e+00,-8.276428707720313582e-01,1.410863116175394838e+00,0.000000000000000000e+00,8.453228799953649286e-02
-1.510515312018191558e+00,-8.299413417462548903e-01,1.412762159132210593e+00,0.000000000000000000e+00,1.021854399996300344e-01
-1.506184279202095189e+00,-8.276120657106054157e-01,1.411046349533624733e+00,0.000000000000000000e+00,1.276476160001038807e-01
-1.509270677967946783e+00,-8.258186161911127421e-01,1.412248114071158023e+00,0.000000000000000000e+00,1.489616640001258929e-01
-1.509819767555629744e+00,-8.271246631551830708e-01,1.412556914029981847e+00,0.000000000000000000e+00,1.646772160002001328e-01
-1.508191820018763174e+00,-8.270190754159537638e-01,1.411528852636158016e+00,0.000000000000000000e+00,1.818648959997517522e-01
-1.511485354160346350e+00,-8.250833238688163318e-01,1.412238896224826901e+00,5.800970873786407550e-02,1.979304320002484019e-01
-1.512295440855936812e+00,-8.255812298254291415e-01,1.412064462901302830e+00,8.106796116504853822e-02,2.158257279997997102e-01
-1.516139742231747300e+00,-8.258069073319821429e-01,1.411430348693604397e+00,1.114077669902912571e-01,2.366450560002704151e-01
-1.510858041593643231e+00,-8.200338474068237238e-01,1.410359062243744965e+00,1.842233009708737768e-01,2.573029440000027535e-01
-1.512379213918730425e+00,-8.163165075635274714e-01,1.409516542649850823e+00,2.203883495145630977e-01,2.770047359999807668e-01
-1.507933601187774197e+00,-8.193756941286914897e-01,1.409843816877300648e+00,1.912621359223301010e-01,2.964805439996780478e-01
-1.502598645916040088e+00,-8.198706560842260460e-01,1.361807209114097139e+00,1.781553398058252358e-01,3.184538240002439125e-01
-1.502629596060247374e+00,-8.212740848683766082e-01,1.361089738833702212e+00,1.781553398058252358e-01,3.410889919996407116e-01
-1.499495150918271680e+00,-8.186514763472373390e-01,1.360006715070817274e+00,1.888349514563106846e-01,3.577739519996612216e-01
-1.511444648745580599e+00,-8.282186701215046298e-01,1.328512449333123735e+00,2.291262135922330079e-01,3.789543040002172347e-01
-1.516040246143605774e+00,-8.348833550687771998e-01,1.332518338404472091e+00,4.594660194174757240e-01,3.970541119997506030e-01
-1.526991648614098418e+00,-8.361611775471737840e-01,1.333165205153425070e+00,5.322815533980582714e-01,4.183979199997338583e-01
-1.521302921245351714e+00,-8.390024217611766755e-01,1.322733569727877700e+00,6.713592233009708643e-01,4.453192959999796585e-01
-1.511270936332194559e+00,-8.351881561566272261e-01,1.320882284046988930e+00,8.048543689320388772e-01,4.688367680000737892e-01
-1.512162542350904193e+00,-8.349881388475460797e-01,1.319753352494149157e+00,8.417475728155340287e-01,4.854118719995312858e-01
-1.510440612783265912e+00,-8.358535722026891879e-01,1.320893541923712444e+00,9.451456310679611228e-01,5.014646079998783534e-01
-1.494486083647710517e+00,-8.370906783929666917e-01,1.284854741671322298e+00,1.059708737864077710e+00,5.176569919995017699e-01
-1.477362047877068374e+00,-8.478076199445199190e-01,1.287923768310527795e+00,1.037621359223301010e+00,5.405615359995863400e-01
-1.467481792078977998e+00,-8.662589859173503992e-01,1.292634650125191964e+00,1.150728155339805880e+00,5.564804480000020703e-01
-1.475172769186741117e+00,-8.523146396678153991e-01,1.251944252584894279e+00,1.241747572815534051e+00,5.729920639996635146e-01
-1.478520407100130996e+00,-8.425621505533507083e-01,1.248858362449389414e+00,1.153155339805825186e+00,5.897029759998986265e-01
-1.484227795015867546e+00,-8.238813614966659093e-01,1.244348367055363447e+00,1.446359223300970775e+00,6.166620160001912154e-01
-1.457410842682584473e+00,-7.926426077038659646e-01,1.177810929104282422e+00,1.416504854368932032e+00,6.367899199995008530e-01
-1.432116110268942810e+00,-7.596111347842275929e-01,1.163249242696928532e+00,1.511650485436893288e+00,6.596099839998714742e-01
-1.411679305104080573e+00,-7.306417605096577894e-01,1.158765588281732928e+00,1.617718446601941640e+00,6.761817599999631057e-01
-1.398466796071113460e+00,-7.036301446598781650e-01,1.152427828108658403e+00,1.736407766990291313e+00,6.955879999995886465e-01
-1.380180587271335080e+00,-6.722997240411869857e-01,1.060696797524779855e+00,1.856553398058252480e+00,7.157602879997284617e-01
-1.365370926256438411e+00,-6.515656996297274350e-01,1.049143522594099931e+00,1.967475728155339887e+00,7.325210239996522432e-01
-1.341298011058526640e+00,-6.151388833730490058e-01,1.034140540883048187e+00,2.061650485436893110e+00,7.568806720000793575e-01
-1.302570134590908646e+00,-5.761340419898126619e-01,9.416668185616126063e-01,2.134708737864077666e+00,7.788728639998225844e-01
-1.264902858242887618e+00,-5.371566158480951536e-01,9.281565757963766705e-01,2.219417475728155509e+00,7.986349439997866284e-01
-1.242469344837953127e+00,-5.087935956840540230e-01,9.119886762442844796e-01,2.280582524271844491e+00,8.241119039994373452e-01
-1.191991781149247087e+00,-4.627590965651213750e-01,7.957095398892353177e-01,2.350485436893203772e+00,8.533922560000064550e-01
-1.152041702393799882e+00,-4.203575083868410500e-01,7.727877163783504200e-01,2.405825242718446777e+00,8.713984320002055028e-01
-1.123075067720327169e+00,-3.860662972923637470e-01,7.549382730159739374e-01,2.448300970873786397e+00,8.844795200002408819e-01
-1.065213304988479770e+00,-3.461894809322419997e-01,6.423407730304123708e-01,2.491990291262136115e+00,9.079138879997117328e-01
-1.018217933114765383e+00,-3.092959756367474888e-01,6.169664343576568566e-01,2.550242718446602108e+00,9.280685439998705988e-01
-9.774284065226970242e-01,-2.759883556193877818e-01,6.004657818076276632e-01,2.608252427184465816e+00,9.377289599997311598e-01
-9.464408494203392364e-01,-2.490246628712032562e-01,5.840231924888736881e-01,2.648543689320388417e+00,9.647142080002595321e-01
-8.923942097164728748e-01,-2.223841634391016120e-01,4.936394362627350429e-01,2.685679611650485299e+00,9.820746559998951852e-01
-8.527061284547167164e-01,-2.060477607646677700e-01,4.796679478762768678e-01,2.708737864077670032e+00,9.978840639996633399e-01
-8.138080698711948058e-01,-1.900142730857680984e-01,4.688524084657383906e-01,2.757038834951456518e+00,1.023028032000183885e+00
-7.424996718391545514e-01,-1.699507370028591202e-01,3.948769317276967228e-01,2.804126213592232908e+00,1.045162399999753688e+00
-6.868067596444872303e-01,-1.543295819914891898e-01,3.855255624137981507e-01,2.820631067961165250e+00,1.064558336000118288e+00
-6.414141309361843790e-01,-1.430868521962156137e-01,3.753421317601223772e-01,2.862621359223301187e+00,1.086291071999767155e+00
-6.100938572373297841e-01,-1.335625200716386018e-01,3.618634120271566057e-01,2.914563106796116632e+00,1.098804127999756020e+00
-5.881193531745771974e-01,-1.153583551870510510e-01,3.119280210946295817e-01,2.977669902912621236e+00,1.122726976000194554e+00
-5.650225339316474749e-01,-1.005608427567178803e-01,2.990621945713256569e-01,3.010922330097087318e+00,1.145014976000311435e+00
-5.540076362657345710e-01,-8.865460301838223867e-02,2.926041635789475848e-01,3.026456310679611850e+00,1.162113855999450607e+00
-4.714968311515093102e-01,-6.772565771054352146e-02,2.681739428057370866e-01,3.054611650485437035e+00,1.185294431999864173e+00
-4.181228975935389891e-01,-4.997440264086479289e-02,2.526088817309371515e-01,3.083495145631067746e+00,1.222278111999912653e+00
-2.957808436620840142e-01,-6.363459120045186594e-03,2.636880372492763080e-01,3.167961165048543748e+00,1.257679231999645708e+00
-2.613331041242399344e-01,1.506179267678926445e-02,2.528703780141919322e-01,3.174271844660194297e+00,1.276967807999426441e+00
-2.362895054150414842e-01,3.401623764683227302e-02,2.404109437899829560e-01,3.191504854368932165e+00,1.288133856000058586e+00
-2.186731941019501302e-01,4.516355184720270699e-02,2.353812067123265128e-01,3.269174757281553489e+00,1.313707039999826520e+00
-1.513518646931139577e-01,7.708539944177311698e-02,2.698782894096076190e-01,3.340533980582524265e+00,1.333665696000025491e+00
-1.116687953650194465e-01,9.773741203974896374e-02,2.600553552504412669e-01,3.437135922330097237e+00,1.349231391999637708e+00
-8.073811839832661930e-02,1.084940237415708691e-01,2.484084490240587861e-01,3.526456310679611850e+00,1.376488767999944685e+00
-2.702023475364481730e-03,1.344049856511102814e-01,2.811380248327802200e-01,3.630825242718446422e+00,1.399359711999750289e+00
9.108605241826328580e-02,1.724910201482489913e-01,2.534379240977110981e-01,3.691747572815534006e+00,1.413954783999542997e+00
1.205814929769766647e-01,1.857834625833962860e-01,2.432815779308395432e-01,3.717961165048543570e+00,1.438709664000271005e+00
2.130955692723022488e-01,2.177831457935689718e-01,2.506320388398046162e-01,3.740533980582524176e+00,1.461713407999923220e+00
2.851884836779532972e-01,2.430512088823093275e-01,2.312683601747977380e-01,3.765048543689320404e+00,1.476701663999847369e+00
3.294718726165142275e-01,2.591246390342921702e-01,2.196065366844063282e-01,3.784708737864077577e+00,1.501819520000026387e+00
4.168984005009252480e-01,2.893504820123618537e-01,2.158196208249696935e-01,3.799757281553397981e+00,1.518101439999554714e+00
4.692024517910835524e-01,3.062946019224368488e-01,2.056435591126505591e-01,3.813834951456310574e+00,1.538620415999503166e+00
5.125939339349077084e-01,3.181216723574274985e-01,1.948256217318328209e-01,3.825970873786407989e+00,1.557802591999461583e+00
6.197872549523268937e-01,3.430308312614032129e-01,2.038943391093842039e-01,3.838592233009708643e+00,1.576788287999988825e+00
7.154417627464257912e-01,3.530899167784580794e-01,1.889319965924255162e-01,3.845388349514563320e+00,1.597762272000181838e+00
8.358008829053609201e-01,3.603690824063122689e-01,1.694160020797530475e-01,3.854368932038835016e+00,1.621665632000258483e+00
9.408698784342787169e-01,3.742930367457990015e-01,1.245630833656518333e-01,3.860194174757281438e+00,1.639262527999562735e+00
1.034614891045658513e+00,3.804355752511031086e-01,1.050734127284803088e-01,3.868446601941747609e+00,1.661441759999433998e+00
1.119397618089481350e+00,3.827588331690848222e-01,9.335002000649199327e-02,3.871359223300971042e+00,1.685243551999519696e+00
1.190858577715743660e+00,3.810320945915361412e-01,8.372484827255614881e-02,3.875242718446601842e+00,1.702727328000037232e+00
1.280259880798330974e+00,3.811046041422178621e-01,3.090148920035408128e-02,3.877184466019417464e+00,1.717628415999570279e+00
1.367099162454509020e+00,3.745986273037300029e-01,1.765956402215490204e-02,3.877912621359223433e+00,1.735721535999800835e+00
1.451210858115388858e+00,3.692151136540825496e-01,7.667702027268602505e-03,3.881067961165048708e+00,1.757821119999789516e+00
1.544200875088531433e+00,3.598063432346549351e-01,-7.271040796467248546e-02,3.881553398058252391e+00,1.781299168000259669e+00
1.628748721232772922e+00,3.447778850224794134e-01,-8.556755722747295956e-02,3.881310679611650549e+00,1.795857856000111497e+00
1.710693505956990101e+00,3.304826468857587907e-01,-8.816527607586463477e-02,3.883252427184466171e+00,1.821114911999757169e+00
1.809430970589182452e+00,3.164785841620084694e-01,-1.590524634755336730e-01,3.883737864077669855e+00,1.836620543999742949e+00
1.900592025695204468e+00,2.975820888689475474e-01,-1.672252358549307094e-01,3.884466019417475824e+00,1.856285087999822281e+00
1.980932818115384020e+00,2.799877391371536350e-01,-1.697497096546814188e-01,3.882038834951456518e+00,1.875459967999631772e+00
2.038564413290596011e+00,2.639596685239145590e-01,-1.677975917214697965e-01,3.881310679611650549e+00,1.894388384000194492e+00
2.103621200094750510e+00,2.526050759019797809e-01,-2.916277465989324247e-01,3.881796116504854233e+00,1.919492191999779607e+00
2.155830971098722237e+00,2.390025052915666914e-01,-3.058068731173654298e-01,3.883980582524271696e+00,1.941427679999833344e+00
2.194097679097477549e+00,2.266608134582803469e-01,-3.030812630462275670e-01,3.885436893203883635e+00,1.956050560000221594e+00
2.267920358281467319e+00,1.873918885557682157e-01,-3.446977248639629399e-01,3.883980582524271696e+00,1.981649792000098387e+00
2.326577837901361967e+00,1.551702023648996176e-01,-3.400934979107319567e-01,3.888106796116504782e+00,1.998320415999842226e+00
2.380793310738738455e+00,1.328233648877692463e-01,-3.352712054173878631e-01,3.887135922330096971e+00,2.017710623999846575e+00
2.424345532835625594e+00,1.179677489264595314e-01,-4.341617980628271756e-01,3.889320388349514435e+00,2.036554719999912777e+00
2.457737617179951428e+00,1.033293731968761286e-01,-4.398758307564281655e-01,3.891504854368931898e+00,2.056496960000004037e+00
2.497019270975254113e+00,8.988282568678249151e-02,-4.470305415264237969e-01,3.891990291262136026e+00,2.077813695999793708e+00
2.529133047851540805e+00,7.768425796792313709e-02,-4.488510156066487511e-01,3.893689320388349362e+00,2.096160672000223713e+00
2.550799947672067081e+00,5.562158315011232756e-02,-4.692746165252177915e-01,3.896844660194174637e+00,2.115579168000294885e+00
2.578412294358295664e+00,3.857351006618557621e-02,-4.721366327720668554e-01,3.896601941747572795e+00,2.140366976000223076e+00
2.611559146851819779e+00,2.459650338978543183e-02,-4.753083632308557904e-01,3.898543689320388417e+00,2.158279168000262871e+00
2.683784506050408414e+00,-8.502106097082729602e-03,-4.798093323562303558e-01,3.898543689320388417e+00,2.175321951999649173e+00
2.749342198980099461e+00,-3.413279844421720360e-02,-4.812824237309782927e-01,3.899999999999999911e+00,2.197015007999652880e+00
2.815019441911307485e+00,-5.435778644025774514e-02,-4.793880627463024680e-01,3.902184466019417375e+00,2.214002656000047864e+00
2.870092334119440203e+00,-7.353433548173599066e-02,-4.785910669105540305e-01,3.902427184466019217e+00,2.234618751999732922e+00
2.919830108225133003e+00,-1.060739963252839702e-01,-4.458903235069972548e-01,3.901941747572815533e+00,2.253534591999596159e+00
2.967333373913238148e+00,-1.332127250560938003e-01,-4.437341008646870089e-01,3.904854368932038966e+00,2.274377791999540932e+00
2.988107880423824803e+00,-1.447442365388498797e-01,-4.425697840289182228e-01,3.904611650485436680e+00,2.293412928000179818e+00
3.096391502694598952e+00,-1.974488444689912747e-01,-3.920940228669164695e-01,3.907281553398058271e+00,2.313538815999891085e+00
3.153792858709233204e+00,-2.203178173936708173e-01,-3.904885281017610454e-01,3.910194174757281704e+00,2.331249824000224180e+00
3.224256643102653364e+00,-2.491788482849942865e-01,-3.948868278865448889e-01,3.909466019417475735e+00,2.358820383999955084e+00
3.316382339782541155e+00,-2.823372258488984210e-01,-3.232196678135414447e-01,3.913834951456310662e+00,2.377993439999954717e+00
3.380679624938948802e+00,-3.034378397184397391e-01,-3.280150515741069306e-01,3.914805825242718473e+00,2.396573248000095191e+00
3.437107901346467820e+00,-3.174235967976586359e-01,-3.364848990461712375e-01,3.914805825242718473e+00,2.432665375999931712e+00
3.536271847002822266e+00,-3.533367733147888545e-01,-2.786758305417336157e-01,3.915776699029126284e+00,2.445020895999732602e+00
3.607776398381494332e+00,-3.738389264410791890e-01,-2.837579358039668542e-01,3.914805825242718473e+00,2.471644608000133303e+00
3.659525267528363379e+00,-3.914731720184795316e-01,-2.920663110830178932e-01,3.915533980582524443e+00,2.484845823999421555e+00
3.700424418751291800e+00,-4.070777006804204845e-01,-3.017962012918888326e-01,3.915533980582524443e+00,2.498457951999625948e+00
3.788789926931462659e+00,-4.297739493291355406e-01,-2.560331881574698931e-01,3.914077669902912504e+00,2.517218240000147489e+00
3.857819024786490303e+00,-4.455902383033442105e-01,-2.688400180303478493e-01,3.914320388349514346e+00,2.535527039999578847e+00
3.910055177654286673e+00,-4.595924253556694095e-01,-2.823327750604780473e-01,3.914805825242718473e+00,2.559226880000096571e+00
3.981123819447606849e+00,-4.847707231792574012e-01,-2.721924693488687597e-01,3.914077669902912504e+00,2.581193056000302022e+00
4.034760053244260014e+00,-5.036604004646617616e-01,-2.823703233992145845e-01,3.913592233009708821e+00,2.596160479999525705e+00
4.074507996126093268e+00,-5.168162769096485976e-01,-2.886367038688393838e-01,3.913106796116504693e+00,2.613905311999587866e+00
4.167545171374254842e+00,-5.458324066255378915e-01,-2.825564079581763810e-01,3.912135922330096882e+00,2.637284415999602061e+00
4.238890605305012826e+00,-5.657575328918521551e-01,-3.049985373099259878e-01,3.912621359223301010e+00,2.654546271999606688e+00
4.288317498606566858e+00,-5.795644225618055145e-01,-3.223476047491822816e-01,3.910436893203883546e+00,2.680607008000151836e+00
4.320164748229787577e+00,-5.935836385982756758e-01,-3.292168249853875128e-01,3.910922330097087229e+00,2.697268383999471553e+00
4.398052096259761790e+00,-6.320868094970505391e-01,-3.408526138274690087e-01,3.908495145631067924e+00,2.718268384000111837e+00
4.443411949299248320e+00,-6.536270994238816412e-01,-3.482876030055790384e-01,3.909223300970873893e+00,2.732645119999688177e+00
4.498720050626534572e+00,-6.804432122906858282e-01,-3.619074404492430008e-01,3.908737864077669766e+00,2.774451680000311171e+00
4.583107147121348923e+00,-7.219243951737229770e-01,-4.070258061032128172e-01,3.908009708737864241e+00,2.789307871999881172e+00
4.642368161138637817e+00,-7.558613040488620927e-01,-4.210809722706144176e-01,3.908009708737864241e+00,2.804288671999529470e+00
4.692350523638991078e+00,-7.854053625357479973e-01,-4.329344191724804891e-01,3.908009708737864241e+00,2.818546751999747357e+00
4.724098879835929132e+00,-8.082575359324921660e-01,-4.411966081988449861e-01,3.907766990291261955e+00,2.837351039999703062e+00
4.800742698938153197e+00,-8.494544652193108947e-01,-4.902143232669263218e-01,3.905825242718446777e+00,2.857894144000056258e+00
4.839538335282123072e+00,-8.735266600451274677e-01,-5.032328525188811685e-01,3.906553398058252302e+00,2.876125056000091718e+00
4.898272013423947691e+00,-9.072898381879598295e-01,-5.210674099148210336e-01,3.903398058252427028e+00,2.901113408000128402e+00
4.986695755176346445e+00,-9.585538081944255939e-01,-5.857874007021932616e-01,3.901941747572815533e+00,2.927732447999915166e+00
5.050579714042106261e+00,-1.000234063465166967e+00,-6.053599668208894391e-01,3.901456310679611850e+00,2.952689920000011625e+00
5.085487533945094896e+00,-1.027197429647720428e+00,-6.201082924576077904e-01,3.899029126213592100e+00,2.979891871999825526e+00
5.167808164517783354e+00,-1.082207458400185507e+00,-6.723834321208203013e-01,3.898058252427184289e+00,3.003750015999685274e+00
5.271835525234523701e+00,-1.174214393849088323e+00,-7.199601132218965693e-01,3.895631067961164984e+00,3.019649695999760297e+00
5.369132069987976763e+00,-1.247703746997421037e+00,-7.786670311784480436e-01,3.894902912621359015e+00,3.043572607999522006e+00
5.415345031261350250e+00,-1.298561959913792974e+00,-8.028766103837192691e-01,3.892718446601941551e+00,3.075446719999490597e+00
5.443441632352874926e+00,-1.327586834337048272e+00,-8.134348785986322827e-01,3.893689320388349362e+00,3.100386176000029081e+00
5.531740136736577718e+00,-1.414326007096635474e+00,-8.793958665199251845e-01,3.891262135922330057e+00,3.115742783999849053e+00
5.581343088502282335e+00,-1.489317875689426085e+00,-9.085921118508423211e-01,3.893446601941747520e+00,3.143196799999714131e+00
5.614971485765885895e+00,-1.540003850392532181e+00,-9.278366908786888079e-01,3.889320388349514435e+00,3.169501024000055622e+00
5.709809775375778607e+00,-1.673035686062524618e+00,-9.988126045904456296e-01,3.889320388349514435e+00,3.180458719999478490e+00
5.744406658415883271e+00,-1.734941286232571933e+00,-1.027896595523261292e+00,3.888592233009708909e+00,3.207022655999935523e+00
5.760975941686067081e+00,-1.786455999383854909e+00,-1.050867816733862314e+00,3.890048543689320404e+00,3.232425215999683132e+00
5.797645479779477640e+00,-1.857904128947108990e+00,-1.045443901197272263e+00,3.888834951456310751e+00,3.242047007999644848e+00
5.819888564385387042e+00,-1.924770524172352504e+00,-1.073381496253859924e+00,3.890048543689320404e+00,3.269555744000172126e+00
5.834079655761579275e+00,-1.989541311060498252e+00,-1.097484924244569671e+00,3.888834951456310751e+00,3.285729055999581760e+00
5.842714398080777194e+00,-2.054283802315413077e+00,-1.121908799845507065e+00,3.891990291262136026e+00,3.305269951999434852e+00
5.881954084374328318e+00,-2.138490214715013771e+00,-1.210470140174449982e+00,3.888106796116504782e+00,3.335102463999646716e+00
5.897893378589324165e+00,-2.226181943141821495e+00,-1.243119983233845760e+00,3.889805825242718562e+00,3.361360992000300030e+00
5.935917403092428657e+00,-2.317549158393513054e+00,-1.282225371218921328e+00,3.887621359223301098e+00,3.370381535999513289e+00
5.949813904920230101e+00,-2.393933285479706630e+00,-1.319418615259612126e+00,3.887135922330096971e+00,3.390002176000052714e+00
5.950490075909574905e+00,-2.481596081481628691e+00,-1.351337404467719105e+00,3.887621359223301098e+00,3.406372319999718457e+00
5.941848383346410856e+00,-2.571137682730388008e+00,-1.369264346373654684e+00,3.884708737864077666e+00,3.418348543999854883e+00
5.928866524190676834e+00,-2.644032277832323086e+00,-1.378981134481698456e+00,3.884223300970873982e+00,3.432080607999523636e+00
5.944712123356163502e+00,-2.753694711986430121e+00,-1.459417064597349212e+00,3.884951456310679507e+00,3.455804223999621172e+00
5.942562717674102934e+00,-2.840451513170068498e+00,-1.473388334514238673e+00,3.883980582524271696e+00,3.477457343999958539e+00
5.934841792892359358e+00,-2.926736811120519199e+00,-1.480535740627324737e+00,3.884466019417475824e+00,3.500581184000111534e+00
5.936288001218332333e+00,-3.031201449615137822e+00,-1.553082310176302494e+00,3.883495145631068013e+00,3.525639167999543133e+00
5.936473414605795362e+00,-3.109823443825074474e+00,-1.565359398142365466e+00,3.885194174757281349e+00,3.548218912000265846e+00
5.929238521421337005e+00,-3.225300584414047655e+00,-1.571272564673269700e+00,3.884951456310679507e+00,3.571725247999893327e+00
5.934012760713801349e+00,-3.307374638304484638e+00,-1.665794254889578108e+00,3.888592233009708909e+00,3.594843423999918741e+00
5.934108894344621632e+00,-3.378758541737028054e+00,-1.692337477319777017e+00,3.883737864077669855e+00,3.618519583999841416e+00
5.931428621233034271e+00,-3.425009570143335846e+00,-1.705281824348470865e+00,3.875242718446601842e+00,3.638613663999421988e+00
5.910185365629225807e+00,-3.529052749293435376e+00,-1.756788362095830225e+00,3.838106796116504960e+00,3.663258112000221445e+00
5.887582523128864764e+00,-3.651690156109248964e+00,-1.787943968494972502e+00,3.801213592233009919e+00,3.684951743999590690e+00
5.872985858695938255e+00,-3.726259982901265477e+00,-1.807083814743563721e+00,3.782524271844660113e+00,3.707037919999493170e+00
5.856574076897815395e+00,-3.784225355597439666e+00,-1.886748514648683095e+00,3.758495145631068013e+00,3.732751040000039211e+00
5.833930730702230782e+00,-3.867879807744664333e+00,-1.911348029445822272e+00,3.755339805825242738e+00,3.757189920000200800e+00
5.791679309094488026e+00,-3.951760052262023315e+00,-1.953638877147043873e+00,3.760194174757281349e+00,3.788652256000204943e+00
5.752849131681911921e+00,-4.066922934893682395e+00,-1.984709428088096139e+00,3.682281553398058183e+00,3.809205024000220874e+00
5.734205773041314735e+00,-4.137493893192791816e+00,-2.008660356213923581e+00,3.687864077669902763e+00,3.831019455999921774e+00
5.681193607559934300e+00,-4.207761906617115244e+00,-2.074448445696379206e+00,3.664805825242718473e+00,3.862615743999413098e+00
5.620251077842592480e+00,-4.327333460259729314e+00,-2.120012902804899291e+00,3.639805825242718562e+00,3.904957599999761442e+00
5.535556610210202066e+00,-4.442282233664782254e+00,-2.194614909507473843e+00,3.602184466019417552e+00,3.935229663999962213e+00
5.499719376282092398e+00,-4.489816213031090797e+00,-2.218807645243499049e+00,3.577669902912621325e+00,3.956965024000055564e+00
5.433723562698699716e+00,-4.559436457062378878e+00,-2.242810454840679313e+00,3.568203883495145501e+00,3.980086591999679513e+00
5.388191768332535325e+00,-4.614318476673814118e+00,-2.269005512911799194e+00,3.537135922330096882e+00,4.001012255999739864e+00
5.318340361285455842e+00,-4.709043571196594336e+00,-2.313893333521655826e+00,3.488834951456310840e+00,4.026996479999979783e+00
5.261168033620377216e+00,-4.766134898571715794e+00,-2.386701488547508188e+00,3.496601941747572884e+00,4.050011104000077466e+00
5.218659440566733920e+00,-4.808958990706042158e+00,-2.411255311636446574e+00,3.490776699029126018e+00,4.070030271999712568e+00
5.184097991889175638e+00,-4.846302705456993820e+00,-2.432390205007221251e+00,3.480825242718446511e+00,4.089831583999512077e+00
5.114692488470341303e+00,-4.896363126319601022e+00,-2.464664748900725844e+00,3.475970873786407900e+00,4.111194879999857221e+00
5.072660779987081980e+00,-4.932320677965305933e+00,-2.483750962767550252e+00,3.472815533980582625e+00,4.132356512000114890e+00
5.042187283084024862e+00,-4.962751288001745920e+00,-2.501608248908163024e+00,3.464563106796116454e+00,4.151663359999474778e+00
5.012662451765755200e+00,-4.985425417093122924e+00,-2.511816755950994295e+00,3.451456310679611672e+00,4.171046624000155134e+00
4.954254718427013593e+00,-5.021682615154742457e+00,-2.546569350614758420e+00,3.440291262135922512e+00,4.192472032000296167e+00
4.909899809237645130e+00,-5.046595197715718406e+00,-2.567745969920912419e+00,3.430097087378640719e+00,4.212959423999564024e+00
4.883783422625759485e+00,-5.066626403588377237e+00,-2.582845806302399794e+00,3.420631067961164895e+00,4.235941855999953987e+00
4.813653878357217586e+00,-5.103006616547829388e+00,-2.689963204411671249e+00,3.418932038834951559e+00,4.259889824000310909e+00
4.753837411235942056e+00,-5.126348042146351425e+00,-2.710502616918919916e+00,3.412135922330096882e+00,4.284838431999560271e+00
4.673540979148156360e+00,-5.161212157968296133e+00,-2.742655947384489590e+00,3.409708737864077577e+00,4.305992575999880501e+00
4.620937052851470384e+00,-5.189503060073874963e+00,-2.782964963392860369e+00,3.424029126213592011e+00,4.325620063999849663e+00
4.578242592589079507e+00,-5.209355685378646683e+00,-2.798137427768642826e+00,3.416262135922329968e+00,4.346396095999807585e+00
4.543104059387887972e+00,-5.219871384155078786e+00,-2.809404944642518664e+00,3.429854368932038877e+00,4.367361791999428533e+00
4.480873434821249113e+00,-5.240931022734439892e+00,-2.850401632788887252e+00,3.431553398058252213e+00,4.388746015999458905e+00
4.434759530680213224e+00,-5.255403515307364160e+00,-2.864282534841876782e+00,3.442961165048543659e+00,4.407881919999454112e+00
4.406824180244623079e+00,-5.267936948914737627e+00,-2.873196127217285678e+00,3.452427184466019483e+00,4.427992191999692295e+00
4.346256940036398397e+00,-5.277332869479632649e+00,-2.926124664935273234e+00,3.464320388349514612e+00,4.450529023999479250e+00
4.302549220765136795e+00,-5.283596158129872933e+00,-2.938124533808433636e+00,3.470388349514563320e+00,4.470741344000089157e+00
4.272668895295289815e+00,-5.287568064416412028e+00,-2.946173397633433222e+00,3.470388349514563320e+00,4.489549248000002990e+00
4.164248870995791663e+00,-5.290755836374782639e+00,-3.011299840539945816e+00,3.481067961165048352e+00,4.509286495999731414e+00
4.082263373879395196e+00,-5.286409083500165806e+00,-3.031794504328192641e+00,3.499029126213592189e+00,4.528019391999805521e+00
4.023694428250880861e+00,-5.282818808128970645e+00,-3.046915552178746989e+00,3.509708737864077666e+00,4.546615008000117086e+00
3.986358792540754425e+00,-5.280661543993150353e+00,-3.059991748728196459e+00,3.529611650485436680e+00,4.565433664000011049e+00
3.910457118176541957e+00,-5.277305081108501383e+00,-3.140207221766803336e+00,3.554611650485437035e+00,4.585807903999921109e+00
3.852454158566324338e+00,-5.275056809787173506e+00,3.124113246149695211e+00,3.553883495145631066e+00,4.607888223999907495e+00
3.805594090841697419e+00,-5.274026700631803344e+00,3.106089694084100294e+00,3.581553398058252569e+00,4.630304608000187727e+00
3.720572214025608115e+00,-5.262833551587177361e+00,3.031135591112823491e+00,3.582766990291262221e+00,4.659893408000243653e+00
3.655684066134466281e+00,-5.249406785132483044e+00,3.010179825287040423e+00,3.593932038834951381e+00,4.676683200000297802e+00
3.600585056537729312e+00,-5.237135413298927844e+00,3.001149994025956502e+00,3.609708737864077754e+00,4.698268575999463792e+00
3.508170681158779391e+00,-5.217334878835989898e+00,2.912767036655853570e+00,3.638834951456310751e+00,4.721470495999710693e+00
3.443009561592178969e+00,-5.200471927401768113e+00,2.898567738086371026e+00,3.638834951456310751e+00,4.746238175999678788e+00
3.335052051684747276e+00,-5.166742572016178592e+00,2.881478624540419364e+00,3.669417475728155242e+00,4.766168447999916680e+00
3.252455344425150940e+00,-5.138621758314351418e+00,2.808820506877591328e+00,3.697815533980582714e+00,4.788778751999416272e+00
3.191330455119553378e+00,-5.112340192863917387e+00,2.797924416942471737e+00,3.731553398058252480e+00,4.809204479999607429e+00
3.141880526282946562e+00,-5.090781905220951309e+00,2.785201455730822673e+00,3.745388349514563231e+00,4.830707264000011492e+00
3.058962950814502424e+00,-5.056735631656742669e+00,2.742009111960704182e+00,3.753883495145631244e+00,4.852463999999599764e+00
2.995264665495558365e+00,-5.024572385608606417e+00,2.720061156238271938e+00,3.763349514563106624e+00,4.877506623999579460e+00
2.945574487888253934e+00,-4.998906411276150763e+00,2.702298918943705441e+00,3.782281553398058271e+00,4.902217312000175298e+00
2.861817033806335342e+00,-4.956561441810784174e+00,2.659151427830119374e+00,3.807766990291262310e+00,4.921140895999997156e+00
2.798389062853529730e+00,-4.919491937726400366e+00,2.636085809594014062e+00,3.816504854368932165e+00,4.936913215999993554e+00
2.752295738145742465e+00,-4.891915720670375833e+00,2.616556088113197287e+00,3.824757281553397892e+00,4.951570495999476407e+00
2.718205266587817803e+00,-4.867642049501180068e+00,2.602780248643310923e+00,3.833495145631067746e+00,4.966587295999488560e+00
2.665064612027771673e+00,-4.834429275426916028e+00,2.574318967315704754e+00,3.840048543689320582e+00,4.984621663999860175e+00
2.600972355529344693e+00,-4.790680410017466251e+00,2.544248189133700322e+00,3.847815533980582625e+00,4.998180192000290845e+00
2.574342141917639104e+00,-4.768472416923209778e+00,2.530371826072683739e+00,3.850485436893203772e+00,5.014636095999776444e+00
2.531116674635363051e+00,-4.731791315599440217e+00,2.508412043043071638e+00,3.858980582524271785e+00,5.045972992000315571e+00
2.458233309825430535e+00,-4.680640215227164447e+00,2.472651684224325574e+00,3.859951456310679596e+00,5.063035295999725349e+00
2.406621687727260372e+00,-4.635192856650670379e+00,2.448462490933630775e+00,3.866990291262136115e+00,5.081167487999664445e+00
2.373281778105239770e+00,-4.602425065026879203e+00,2.431115109246081207e+00,3.868932038834951292e+00,5.098405984000237368e+00
2.305137768502044437e+00,-4.545318357217199789e+00,2.447903893548049492e+00,3.872815533980582536e+00,5.117747647999749461e+00
2.254957763405124549e+00,-4.498280489407974869e+00,2.457704276483474004e+00,3.876213592233009653e+00,5.142685439999695518e+00
2.219634379770804244e+00,-4.457099902730966789e+00,2.454884913532895840e+00,3.877669902912621147e+00,5.160581856000135303e+00
2.159837084240780580e+00,-4.374655561060892595e+00,2.271522784634865566e+00,3.880339805825242738e+00,5.183870912000202225e+00
2.131643636251430163e+00,-4.306734617615794569e+00,2.228218420130647637e+00,3.878640776699028958e+00,5.197132159999455325e+00
2.094381733706555337e+00,-4.229479607769258465e+00,2.226805253708642240e+00,3.883252427184466171e+00,5.216697375999501674e+00
2.072291904338553259e+00,-4.178564852715410893e+00,2.231307301897114570e+00,3.882038834951456518e+00,5.239463648000310059e+00
2.009754503763558464e+00,-4.110087128665084855e+00,2.190295945949383150e+00,3.884466019417475824e+00,5.261265887999797997e+00
1.974152640152292193e+00,-4.057671501633855371e+00,2.201359195473238106e+00,3.884708737864077666e+00,5.277146528000230319e+00
1.946259323938152930e+00,-4.010818233078939699e+00,2.211551391884861495e+00,3.885194174757281349e+00,5.301194720000239613e+00
1.893244544543499774e+00,-3.928562726844186059e+00,2.134833827204215773e+00,3.885436893203883635e+00,5.317655071999979555e+00
1.850815483428410069e+00,-3.862638584650646134e+00,2.151457141473939405e+00,3.887864077669902940e+00,5.337435295999966911e+00
1.831928686428101249e+00,-3.821830738122551807e+00,2.161546020964538961e+00,3.889320388349514435e+00,5.357899392000035732e+00
1.784433868171457771e+00,-3.763378262134441599e+00,2.047446443407457739e+00,3.891262135922330057e+00,5.372749248000218358e+00
1.752815423266758543e+00,-3.698170560818960340e+00,2.067788425311883671e+00,3.893203883495145678e+00,5.395645151999815425e+00
1.743132758683186623e+00,-3.649388807914604183e+00,2.089512275157841437e+00,3.893203883495145678e+00,5.418671839999660733e+00
1.740814442983547705e+00,-3.623997437126524890e+00,2.100886620281041672e+00,3.895145631067961300e+00,5.435040127999855031e+00
1.651508001344195176e+00,-3.552308657906402267e+00,2.022554520813812040e+00,3.896601941747572795e+00,5.456931615999565111e+00
1.598366807220010344e+00,-3.513360502120923545e+00,2.024383255590962438e+00,3.899514563106796228e+00,5.478969375999440672e+00
1.557716299755850464e+00,-3.464172106593067735e+00,2.040999083498871158e+00,3.899271844660194386e+00,5.503330079999614100e+00
1.535281113351605109e+00,-3.376911480007859012e+00,2.034540711697011783e+00,3.900485436893204039e+00,5.526659840000320401e+00
1.511387380192081853e+00,-3.318717268143288379e+00,2.048012450990453814e+00,3.901699029126213691e+00,5.550107584000215866e+00
1.495168158011273229e+00,-3.276589618074488452e+00,2.062259866819386556e+00,3.906067961165048619e+00,5.573131680000187771e+00
1.457957984927043427e+00,-3.199209049573937591e+00,2.124422071767645193e+00,3.905097087378640808e+00,5.596252512000319257e+00
1.425424168808957504e+00,-3.144865987833130649e+00,2.136880187336608561e+00,3.904854368932038966e+00,5.619644767999488977e+00
1.398107439785894801e+00,-3.099925262246081115e+00,2.149388032095948642e+00,3.906067961165048619e+00,5.644799487999989651e+00
1.303449918471200064e+00,-2.979394620193429155e+00,2.238911063072177576e+00,3.904854368932038966e+00,5.664483679999648302e+00
1.259535489618844428e+00,-2.930203317002315622e+00,2.257086089412020602e+00,3.899514563106796228e+00,5.684698623999793199e+00
1.222862220373052589e+00,-2.896380993699750217e+00,2.266294703268607602e+00,3.899757281553398069e+00,5.704023903999768663e+00
1.159201032452428892e+00,-2.836494906663313831e+00,2.360857457808167581e+00,3.895873786407766826e+00,5.717680927999936102e+00
1.100971396140661529e+00,-2.794113188628325251e+00,2.367411827792056833e+00,3.895145631067961300e+00,5.739074271999925259e+00
1.053067963355403425e+00,-2.761365925440371960e+00,2.367221109715004879e+00,3.889563106796116720e+00,5.764151039999887871e+00
9.993612763022741152e-01,-2.709115368156864712e+00,2.445917074256821699e+00,3.887621359223301098e+00,5.788109471999632660e+00
9.530370330570849813e-01,-2.671717986676878542e+00,2.452050835585740884e+00,3.886165048543689160e+00,5.811532927999905951e+00
9.049639221855634297e-01,-2.641005586514861836e+00,2.451411440892153237e+00,3.883252427184466171e+00,5.834576991999711026e+00
8.583203624287042421e-01,-2.604259888058751748e+00,2.545907068016648900e+00,3.883252427184466171e+00,5.858052735999990546e+00
7.913938673854370442e-01,-2.559818369122726089e+00,2.543147412055897671e+00,3.881553398058252391e+00,5.882032288000118569e+00
6.806350130558479483e-01,-2.499531610940194604e+00,2.524747167018359661e+00,3.879854368932039055e+00,5.910724287999983062e+00
6.085949084577024770e-01,-2.469772231029952803e+00,2.678370795779005498e+00,3.877912621359223433e+00,5.937310975999935181e+00
5.186889075136857929e-01,-2.434323112789834820e+00,2.660497373730411397e+00,3.877184466019417464e+00,5.960818143999858876e+00
4.343283806926223622e-01,-2.392141755986725293e+00,2.757802602929384062e+00,3.875242718446601842e+00,5.984466431999862834e+00
3.088964394316039974e-01,-2.340527711862366189e+00,2.727412078751108471e+00,3.851213592233009742e+00,6.008544768000319891e+00
2.754785524675874009e-01,-2.323449210267133136e+00,2.713274293478062038e+00,3.777669902912621502e+00,6.032331872000213480e+00
1.769217554079341725e-01,-2.295453681685314606e+00,2.881974901841632519e+00,3.704854368932038788e+00,6.055701887999930477e+00
1.111512225143282545e-01,-2.280997808690270467e+00,2.852147074512796365e+00,3.636650485436893288e+00,6.079253695999796037e+00
7.899913162316626880e-02,-2.274558082116346025e+00,2.832261557350586934e+00,3.651699029126213691e+00,6.099842464000175823e+00
-1.898291148092193584e-02,-2.250146596873123350e+00,2.958574845065033543e+00,3.604368932038835016e+00,6.118329664000157209e+00
-1.167935732149384398e-01,-2.229387871164007162e+00,2.909859731480771039e+00,3.472330097087378498e+00,6.141400735999923199e+00
-1.597356009896671036e-01,-2.216467494548879813e+00,2.879306375143338759e+00,3.469417475728155509e+00,6.161519327999485540e+00
-2.598758672795169478e-01,-2.199250414043953494e+00,3.014937618667198116e+00,3.406310679611650460e+00,6.185688192000270647e+00
-3.206093503132455558e-01,-2.189545492794147563e+00,2.977873964802836060e+00,3.344902912621359192e+00,6.207131551999736985e+00
-3.574468491953877725e-01,-2.184113054582970115e+00,2.950091452908425893e+00,3.333009708737864063e+00,6.227924191999591130e+00
-4.461161868639350603e-01,-2.171172640153983924e+00,3.026228243356548830e+00,3.288834951456310662e+00,6.247676127999511664e+00
-5.040267301363566821e-01,-2.164247844930248466e+00,2.986235149012381296e+00,3.249514563106796317e+00,6.268655935999959183e+00
-5.457562052248272622e-01,-2.155883037721461726e+00,2.951041680645317911e+00,3.199271844660194208e+00,6.283164096000291465e+00
-5.603259203381416587e-01,-2.152884642319499164e+00,2.938808834926585067e+00,3.165533980582524443e+00,6.294544639999912761e+00
-6.528002540614860072e-01,-2.131246703812275545e+00,2.983705992529792184e+00,3.126941747572815622e+00,6.315973535999546584e+00
-7.082377936268333674e-01,-2.114649758318243755e+00,2.948145305097908508e+00,3.093203883495145412e+00,6.334368031999474624e+00
-7.565806998244203330e-01,-2.097507737626477464e+00,2.907927173498802809e+00,3.077427184466019483e+00,6.355462655999872368e+00
-8.142900429459395406e-01,-2.078272130855338684e+00,2.863066924493905319e+00,3.012621359223301098e+00,6.379231392000292544e+00
-8.553712915770567138e-01,-2.057832799344214258e+00,2.828801934588922151e+00,3.013106796116504782e+00,6.398372095999548037e+00
-8.930181891783750547e-01,-2.041062124378373088e+00,2.795814570935604593e+00,2.961893203883495307e+00,6.419747136000296450e+00
-9.566141061461932438e-01,-2.045851189073431886e+00,2.748425777567931938e+00,2.956553398058252569e+00,6.443735071999981301e+00
-9.857618177054445763e-01,-2.048389874445938119e+00,2.734724603831544698e+00,2.949514563106796050e+00,6.463266400000065914e+00
-1.032375741137766312e+00,-2.036371553801831880e+00,2.703915971662166129e+00,2.939805825242718385e+00,6.488133216000278480e+00
-1.055062957772885390e+00,-2.027313085947447302e+00,2.687689492325828322e+00,2.925970873786407633e+00,6.510482943999704730e+00
-1.105937961629198663e+00,-2.006347978418048239e+00,2.624946171127676919e+00,2.910194174757281704e+00,6.533094047999838949e+00
-1.141319983563775953e+00,-1.985212740364119766e+00,2.598758258709394031e+00,2.873543689320388506e+00,6.558992063999539823e+00
-1.197243663648706491e+00,-1.946803337712840420e+00,2.513647166951100242e+00,2.855582524271844669e+00,6.583116607999727421e+00
-1.262624406969582447e+00,-1.886410766594659894e+00,2.459607905978183684e+00,2.838592233009708643e+00,6.605053215999760141e+00
-1.279163179362883040e+00,-1.860162561764072908e+00,2.445363801013103355e+00,2.828155339805825452e+00,6.616865599999982805e+00
-1.306981242877358618e+00,-1.828596184934993207e+00,2.379338293286835437e+00,2.824271844660194208e+00,6.636530975999448856e+00
-1.342912619743655167e+00,-1.783130259550933072e+00,2.343783247663246527e+00,2.818689320388349628e+00,6.657802623999486968e+00
-1.360707414911628277e+00,-1.754334428290762471e+00,2.329459431569525840e+00,2.816504854368932165e+00,6.679547904000173730e+00
-1.376442965691709430e+00,-1.726302780030290807e+00,2.312074014954355938e+00,2.812378640776699079e+00,6.702500096000221674e+00
-1.411884845727453319e+00,-1.690344255909711269e+00,2.235009205772448215e+00,2.812864077669902763e+00,6.726657184000032430e+00
-1.436049405644190147e+00,-1.651145074730544948e+00,2.212575541746009566e+00,2.812378640776699079e+00,6.748818719999690074e+00
-1.453769472399058182e+00,-1.612066763051558604e+00,2.190751416600594137e+00,2.809223300970873805e+00,6.773914943999443494e+00
-1.491867256038776679e+00,-1.576010373994152669e+00,2.112702150564665704e+00,2.813349514563106890e+00,6.796839712000291911e+00
-1.518402712423360779e+00,-1.534586319801294341e+00,2.088360512003912373e+00,2.812378640776699079e+00,6.821072032000301988e+00
-1.536673153836093597e+00,-1.477138109068191651e+00,2.061706476443371905e+00,2.805825242718446688e+00,6.843501280000054976e+00
-1.581593127680994026e+00,-1.370489795822417589e+00,1.956292542617420027e+00,2.811407766990291268e+00,6.872127327999805857e+00
-1.591475741750085326e+00,-1.314817096430478616e+00,1.936798503042823860e+00,2.808737864077670121e+00,6.894650495999485429e+00
-1.612379133746142834e+00,-1.240201936232072866e+00,1.840620946716164053e+00,2.811165048543689426e+00,6.918735231999562529e+00
-1.614430054740334075e+00,-1.181146847321738802e+00,1.820290979084010052e+00,2.813592233009708732e+00,6.940729983999517572e+00
-1.614776817230925587e+00,-1.135292308801683969e+00,1.808229677283484493e+00,2.808980582524271963e+00,6.964422496000224783e+00
-1.622030217024860166e+00,-1.024695965623668492e+00,1.694007619273843357e+00,2.812135922330097237e+00,6.986672576000273693e+00
-1.611907872934335906e+00,-9.545108633379585372e-01,1.675815859010374220e+00,2.812378640776699079e+00,7.010077248000015970e+00
-1.601208257285019698e+00,-9.068730399871745007e-01,1.660723277180415680e+00,2.812378640776699079e+00,7.031648799999857147e+00
-1.603601060099725029e+00,-8.459608152500575073e-01,1.549492482032613472e+00,2.815291262135922512e+00,7.053734015999907569e+00
-1.593589185509773465e+00,-7.953257734563805581e-01,1.533143875798693934e+00,2.813349514563106890e+00,7.078199679999670479e+00
-1.582981619063051903e+00,-7.452453453053783372e-01,1.514544794397765237e+00,2.817961165048543659e+00,7.099899167999865313e+00
-1.573285219929593914e+00,-6.841764431524407497e-01,1.404688315919583985e+00,2.815291262135922512e+00,7.124541344000135723e+00
-1.544962483381500995e+00,-5.769984651651424157e-01,1.361261100394602908e+00,2.817718446601941817e+00,7.147219743999812636e+00
-1.531565674151249112e+00,-5.489051627088687990e-01,1.351129248176040853e+00,2.814563106796116543e+00,7.169506432000162022e+00
-1.503066446229479380e+00,-4.533375982514491476e-01,1.238712432038417077e+00,2.835436893203883368e+00,7.192168800000217743e+00
-1.482950527825913856e+00,-3.970565425633058032e-01,1.215768215522781581e+00,2.845145631067961034e+00,7.206729280000217841e+00
-1.463689854460010542e+00,-3.546284069114795656e-01,1.198088112983204390e+00,2.835194174757281527e+00,7.219171744000050239e+00
-1.436486326999435681e+00,-2.955715919159866423e-01,1.106284657614945877e+00,2.842475728155339887e+00,7.239857376000145450e+00
-1.405705353315781059e+00,-2.419875337398691428e-01,1.081089535604975449e+00,2.850000000000000089e+00,7.262615136000022176e+00
-1.375011651116408995e+00,-1.939641973233362515e-01,1.060902040686173775e+00,2.876699029126213780e+00,7.284477983999749995e+00
-1.353272778939532461e+00,-1.509171977950584387e-01,1.042839639000682217e+00,2.869417475728155420e+00,7.305327840000245487e+00
-1.291266575491528457e+00,-8.225399285800627514e-02,9.596970744144879273e-01,2.896359223300970953e+00,7.327398272000209545e+00
-1.242791674575328464e+00,-3.707605719479400985e-02,9.378279018634009256e-01,2.906553398058252302e+00,7.349301823999667249e+00
-1.208109846546050026e+00,-1.029845263187404748e-02,9.221381212616506229e-01,2.918203883495145590e+00,7.373838239999713551e+00
-1.154290521581698536e+00,4.945988038560727995e-02,8.071582086006763301e-01,2.933009708737864152e+00,7.396193759999732720e+00
-1.107439532191765164e+00,9.439701146630076478e-02,7.761001828595224250e-01,2.940776699029126195e+00,7.418405184000221197e+00
-1.060981736225085736e+00,1.334811808594517923e-01,7.492067667353480287e-01,2.940291262135922512e+00,7.442966048000016599e+00
-9.850002227895894302e-01,1.895076512148879955e-01,6.777883793167693849e-01,2.971844660194174814e+00,7.465647232000264921e+00
-8.768201202180569975e-01,2.619614766476716095e-01,6.259083764601907074e-01,3.016262135922330057e+00,7.489022208000278624e+00
-8.224047137063978941e-01,2.852837878010496819e-01,6.075365662914113951e-01,3.022572815533980606e+00,7.510879999999815482e+00
-7.710826965998598403e-01,3.132929232230404759e-01,5.350355623433802332e-01,3.029368932038834838e+00,7.533255167999413970e+00
-7.308220913579432931e-01,3.275292101614686868e-01,5.149958866049784145e-01,3.044660194174757084e+00,7.556573119999484334e+00
-6.469875959262629816e-01,3.745458543545145957e-01,4.612414830872049176e-01,3.093689320388349540e+00,7.580041887999868777e+00
-5.207904303298491744e-01,4.273600448125956519e-01,4.059576205919739333e-01,3.114077669902912682e+00,7.602547775999482838e+00
-4.552170206861247403e-01,4.439108898759803190e-01,3.935193818519129305e-01,3.182766990291262310e+00,7.623231935999683628e+00
-3.537084907001677991e-01,4.695617166763349504e-01,3.136987923023768499e-01,3.204854368932038788e+00,7.644999103999907675e+00
-2.604334641299686504e-01,4.813491164307878156e-01,2.880879770987953559e-01,3.286407766990291357e+00,7.667852767999647767e+00
-1.739207615504469451e-01,4.865129629509781783e-01,2.721586299383369489e-01,3.386165048543689160e+00,7.687668831999872054e+00
-8.359680907977226627e-02,4.879659359350621006e-01,2.580315029607580524e-01,3.491019417475728304e+00,7.708799168000041391e+00
-1.648498522188045212e-02,5.045458893808562051e-01,1.950534406625689943e-01,3.612621359223301187e+00,7.730572415999631630e+00
4.323229115790707539e-02,5.164079083667689751e-01,1.691024436709038514e-01,3.668446601941747431e+00,7.749996544000168797e+00
1.055642757600616793e-01,5.247047809455153144e-01,1.513681036860627382e-01,3.695145631067961123e+00,7.769835807999697863e+00
1.762106443041319692e-01,5.436837481613202572e-01,6.556901235458109656e-02,3.702427184466019483e+00,7.789976095999918471e+00
2.363996637919680843e-01,5.541585119722354236e-01,3.690950439129256355e-02,3.718446601941747698e+00,7.809699360000195156e+00
2.872115856806276568e-01,5.598630283467498359e-01,2.429209817956732437e-02,3.726213592233009742e+00,7.828816864000145870e+00
3.378504147124538060e-01,5.751587235610174931e-01,-3.989713272762276247e-02,3.739077669902912682e+00,7.849617855999895255e+00
4.183128660682462474e-01,5.826386523314814880e-01,-8.761362919861893916e-02,3.746359223300971042e+00,7.872837760000038543e+00
4.817974592985334592e-01,5.849647372044960436e-01,-1.052483349657767214e-01,3.753155339805825275e+00,7.892020831999616348e+00
6.024252697368994713e-01,5.997473188465501925e-01,-1.453069491471563612e-01,3.762378640776698813e+00,7.915058976000182156e+00
9.506252905349790172e-01,6.533124744595031341e-01,-1.093714237407115292e-01,3.770873786407766826e+00,7.935151583999868308e+00
1.154717769603313515e+00,6.774597544237446201e-01,-7.124452885839652194e-02,3.782766990291261955e+00,7.956622400000014750e+00
1.249739702092534044e+00,6.858291367710510622e-01,-4.761463920621380325e-02,3.790533980582524443e+00,7.980798304000018106e+00
1.315139636119389444e+00,6.935490789002578538e-01,-2.813930081605888964e-02,3.801699029126213603e+00,8.002241856000182452e+00
1.395562502887118139e+00,7.124782409091678925e-01,8.104492523804938259e-03,3.811407766990291268e+00,8.023161535999861371e+00
1.446759258929849468e+00,7.277978552766837250e-01,3.061563334444337287e-02,3.818932038834951470e+00,8.037132991999897058e+00
1.502828903837887253e+00,7.056791459796050159e-01,-4.305180519762010632e-02,3.828883495145630977e+00,8.049103647999800160e+00
1.538073357913220418e+00,6.265783320147302327e-01,-1.710862124568841847e-01,3.838592233009708643e+00,8.061510880000241741e+00
1.572357563539698466e+00,5.290121112904531131e-01,-2.757885324539419702e-01,3.845631067961165162e+00,8.075689088000217453e+00
1.614725308004716808e+00,4.621444437622569956e-01,-3.098832214920686501e-01,3.852427184466019394e+00,8.096076224000171351e+00
1.661802104700325522e+00,4.178458616572883755e-01,-3.647824486949249878e-01,3.858980582524271785e+00,8.114955328000178270e+00
1.700384075463222899e+00,3.950353561770368893e-01,-3.624183631771694114e-01,3.859708737864077754e+00,8.129753279999931692e+00
1.756446846829387454e+00,3.686461641229226704e-01,-3.523237289098963831e-01,3.864563106796116365e+00,8.150657535999926040e+00
1.843608481782474495e+00,3.209569807476462810e-01,-3.990751432862718051e-01,3.867233009708737956e+00,8.182182655999895360e+00
1.912399543558007453e+00,2.787401166414193443e-01,-3.905317541184782915e-01,3.868689320388349451e+00,8.208491487999708625e+00
1.973896298884875389e+00,2.401739385978786945e-01,-3.728681620260740903e-01,3.872815533980582536e+00,8.234082111999668996e+00
1.951328513234639850e+00,2.139814624349814232e-01,-5.140743087069454820e-01,3.874757281553398158e+00,8.259685375999652024e+00
1.997333204883322777e+00,1.558240353425972835e-01,-5.001502361802867558e-01,3.881067961165048708e+00,8.277495679999447020e+00
1.969417892119916136e+00,1.459385670570398086e-01,-4.944935590927468927e-01,3.883980582524271696e+00,8.307058528000197839e+00
1.882438171847628849e+00,1.374626400122803127e-01,-5.159219264015633133e-01,3.886893203883495129e+00,8.321921824000128254e+00
1.837247663298121170e+00,1.292460324223526358e-01,-5.028455515017598021e-01,3.890291262135922246e+00,8.341768543999933172e+00
1.816214827280261845e+00,1.253562699280015569e-01,-4.959339467989692385e-01,3.891504854368931898e+00,8.359318335999887495e+00
1.782328545341486326e+00,1.267300652227367208e-01,-5.005594275864606590e-01,3.894417475728155331e+00,8.375265855999714404e+00
1.806802722530649996e+00,1.139436027147062575e-01,-5.007796656627399035e-01,3.897087378640776478e+00,8.402222783999604871e+00
1.831688338201394428e+00,1.044235119624037644e-01,-5.059938227724203319e-01,3.899514563106796228e+00,8.427688671999931103e+00
1.864459643758659579e+00,7.030258955983773039e-02,-4.606721264420302053e-01,3.902184466019417375e+00,8.449976511999921058e+00
1.887570684251550723e+00,5.826718142096636022e-02,-4.623444809542542888e-01,3.904368932038834838e+00,8.474101152000002912e+00
1.938482389014853258e+00,3.888112732101707547e-02,-4.681177246173987005e-01,3.905339805825242649e+00,8.501676351999776671e+00
2.048355261852520037e+00,-1.579621368645510449e-02,-3.902364400833032154e-01,3.909466019417475735e+00,8.527698879999661585e+00
2.080491240721621615e+00,-2.861373455770651122e-02,-3.923900130617490878e-01,3.909223300970873893e+00,8.550625599999875703e+00
2.119099603321513481e+00,-4.370547430303860226e-02,-3.911855995675985742e-01,3.912135922330096882e+00,8.572547040000245033e+00
2.172982461678537813e+00,-8.501353587018870006e-02,-2.805683166968029885e-01,3.911893203883495040e+00,8.595394111999667075e+00
2.233719620668957351e+00,-1.105065951336962615e-01,-2.757525443448439750e-01,3.913592233009708821e+00,8.617980703999819525e+00
2.279928809136134937e+00,-1.295658710031143135e-01,-2.754517499965329907e-01,3.915291262135922157e+00,8.640672255999561457e+00
2.371058079505466765e+00,-1.631323892414526799e-01,-1.755220524037393037e-01,3.914077669902912504e+00,8.661296383999797399e+00
2.445114131880004482e+00,-1.791552526600284634e-01,-1.769678399084375908e-01,3.916504854368932254e+00,8.681423199999699136e+00
2.498480213029870001e+00,-1.897375970230422981e-01,-1.787499364557023629e-01,3.915776699029126284e+00,8.701334655999744427e+00
2.672372626470855828e+00,-2.225726594362889554e-01,-1.138150037417811344e-01,3.913834951456310662e+00,8.723935615999835136e+00
2.749717943422571587e+00,-2.354040996024949484e-01,-1.196361945143798178e-01,3.911893203883495040e+00,8.743624480000107724e+00
2.805046536828690762e+00,-2.429078265686484828e-01,-1.272680339169805219e-01,3.911893203883495040e+00,8.763507263999599672e+00
2.916868316180115883e+00,-2.546654116925256006e-01,-7.658704244576532150e-02,3.911650485436893199e+00,8.786485151999841037e+00
2.982471487914001074e+00,-2.599353422378647971e-01,-8.651627166518618961e-02,3.910922330097087229e+00,8.807822591999865836e+00
3.043899982658015979e+00,-2.644739828334501386e-01,-9.574314532095963559e-02,3.913349514563106979e+00,8.829186431999914930e+00
3.154851748823817470e+00,-2.760013312130167318e-01,-5.772216609082938404e-02,3.914320388349514346e+00,8.851334080000015092e+00
3.242019475162865039e+00,-2.862010125703595698e-01,-6.900411768331717044e-02,3.914077669902912504e+00,8.872335999999449996e+00
3.306076327330030207e+00,-2.904127324951906175e-01,-8.209320019690505288e-02,3.915291262135922157e+00,8.892484543999671587e+00
3.429643134547723626e+00,-3.104805382411332526e-01,-6.311677553304687049e-02,3.915048543689320315e+00,8.914060928000253625e+00
3.530877381470576282e+00,-3.187967953730587167e-01,-7.893804965252852746e-02,3.915048543689320315e+00,8.938195392000125139e+00
3.603179071621929186e+00,-3.236068714646000988e-01,-9.426048656345578647e-02,3.915533980582524443e+00,8.958115583999642695e+00
3.688408815277805175e+00,-3.370402074962951522e-01,-1.477581224762991585e-01,3.914563106796116632e+00,8.980030816000180494e+00
3.749570597034804997e+00,-3.500420917272360488e-01,-1.600051747728133134e-01,3.913592233009708821e+00,9.001086688000214053e+00
3.800623804405311557e+00,-3.585624993232399693e-01,-1.694725894305702252e-01,3.914077669902912504e+00,9.021841408000000229e+00
3.839462565592124399e+00,-3.673312365656394851e-01,-1.762557941216817969e-01,3.913106796116504693e+00,9.043734175999816216e+00
3.984648631226506588e+00,-4.000047352182945493e-01,-2.330930713921335606e-01,3.911893203883495040e+00,9.066827103999457904e+00
4.038128810387970447e+00,-4.166873262771719766e-01,-2.390447954433894406e-01,3.910922330097087229e+00,9.089689024000108475e+00
4.078788470608980532e+00,-4.284550511730034761e-01,-2.447108769934527583e-01,3.910436893203883546e+00,9.114969727999778115e+00
4.156820703361800540e+00,-4.567754658672080748e-01,-3.200455090671658898e-01,3.907766990291261955e+00,9.141317151999828639e+00
4.270499680165094958e+00,-5.002337990287616387e-01,-3.305932429528708472e-01,3.904611650485436680e+00,9.167822943999453855e+00
4.347096301471419899e+00,-5.378072952680243990e-01,-4.048300794114709777e-01,3.901941747572815533e+00,9.191968672000257357e+00
4.408938675991717737e+00,-5.706105443968662039e-01,-4.117864540463947454e-01,3.901941747572815533e+00,9.217346368000107759e+00
4.451991429576977133e+00,-5.956110073190774568e-01,-4.152620395305801071e-01,3.899029126213592100e+00,9.240823647999604873e+00
4.585967283954873963e+00,-6.617563527345146079e-01,-5.032142704117179566e-01,3.898786407766990258e+00,9.268915935999757494e+00
4.633260603708500014e+00,-6.920510919668874106e-01,-5.115441218163943038e-01,3.900242718446601753e+00,9.292859008000050380e+00
4.710698416374450304e+00,-7.430618420248966682e-01,-5.830081406719005432e-01,3.897815533980582448e+00,9.315232287999606342e+00
4.775375690324952238e+00,-7.886442338484807024e-01,-5.979412622797417587e-01,3.898058252427184289e+00,9.341717280000011669e+00
4.818777418824932823e+00,-8.225259238129967176e-01,-6.079361252553979744e-01,3.896601941747572795e+00,9.365309087999776239e+00
4.944470617718197403e+00,-9.184433574495456387e-01,-6.809700551237487520e-01,3.897815533980582448e+00,9.387533471999631729e+00
4.996074824020495520e+00,-9.574202619342355725e-01,-6.981369835103763410e-01,3.894417475728155331e+00,9.409020672000224295e+00
5.030132477778818334e+00,-9.924306913026643695e-01,-7.123968650162455507e-01,3.895388349514563142e+00,9.431186367999544018e+00
5.101849006692410704e+00,-1.050808981422524546e+00,-7.583666769855208489e-01,3.895873786407766826e+00,9.452532831999633345e+00
5.156531023385789503e+00,-1.099273979054291139e+00,-7.801590776751893275e-01,3.897815533980582448e+00,9.471996448000027158e+00
5.196827561494577807e+00,-1.141620895852799356e+00,-7.970012542400877198e-01,3.897572815533980606e+00,9.485742079999909038e+00
5.223139874355995360e+00,-1.177008636522685503e+00,-8.084303871712112954e-01,3.898300970873786575e+00,9.497661952000271413e+00
5.293366198771600750e+00,-1.235020779033162208e+00,-8.482523869858077381e-01,3.897815533980582448e+00,9.515997536000213586e+00
5.345681382402860393e+00,-1.280424655030315328e+00,-8.667738714274915157e-01,3.898543689320388417e+00,9.540079231999698095e+00
5.380676052491308425e+00,-1.318553303954177247e+00,-8.844285548599625235e-01,3.899999999999999911e+00,9.563394431999768130e+00
5.461773062365997689e+00,-1.391010787368040180e+00,-9.135803313776256207e-01,3.899271844660194386e+00,9.589714656000069226e+00
5.513857461420888839e+00,-1.451221300295285843e+00,-9.432398757278896984e-01,3.899999999999999911e+00,9.616557887999988452e+00
5.542895387541339147e+00,-1.498523529560344292e+00,-9.651229708791096984e-01,3.900728155339805880e+00,9.639505600000120467e+00
5.601914369588865128e+00,-1.585263775841593281e+00,-9.895896839607180029e-01,3.901213592233009564e+00,9.665494623999620671e+00
5.661919225704456160e+00,-1.703360834039330918e+00,-1.045767027404910232e+00,3.901699029126213691e+00,9.684643615999448230e+00
5.680868040275956155e+00,-1.747874453577495490e+00,-1.064926552875748111e+00,3.903398058252427028e+00,9.710328287999800523e+00
5.725710741831350425e+00,-1.835060505424425559e+00,-1.087963097373324972e+00,3.903640776699029313e+00,9.729740671999934420e+00
5.753847118079505663e+00,-1.916538025477505514e+00,-1.120229052785678414e+00,3.904854368932038966e+00,9.741210879999925965e+00
5.772372501505542708e+00,-1.977907002021083605e+00,-1.140683976562143487e+00,3.904126213592232997e+00,9.757604767999509932e+00
5.801419097434557415e+00,-2.047492211047162503e+00,-1.158461151187786031e+00,3.905097087378640808e+00,9.775305183999989822e+00
5.822205864513508189e+00,-2.143841536693489758e+00,-1.192881106025098115e+00,3.904854368932038966e+00,9.797290431999499560e+00
5.824857199562106125e+00,-2.204583998453259142e+00,-1.207943900235558532e+00,3.903155339805825186e+00,9.811420351999913692e+00
5.865582347596334678e+00,-2.315248988228824079e+00,-1.296999864765793875e+00,3.903640776699029313e+00,9.836500704000172846e+00
5.877500143625781881e+00,-2.409898615322123128e+00,-1.318044926411779949e+00,3.899999999999999911e+00,9.859905088000232354e+00
5.881259303552691442e+00,-2.502795070159677060e+00,-1.331495764951048821e+00,3.902427184466019217e+00,9.884907679999741958e+00
5.878336465230640684e+00,-2.583422533888883876e+00,-1.342198762688264546e+00,3.898058252427184289e+00,9.897603551999964111e+00
5.898306069943274110e+00,-2.660609232616546915e+00,-1.396718747945638883e+00,3.900242718446601753e+00,9.916060192000259121e+00
5.901759533304579364e+00,-2.746604737389986894e+00,-1.411260521687072833e+00,3.898786407766990258e+00,9.935952703999646474e+00
5.898844588111461285e+00,-2.827056280911775854e+00,-1.419314676248577323e+00,3.898543689320388417e+00,9.958954495999932988e+00
5.914131275708459867e+00,-2.919185810054112817e+00,-1.500595727532077373e+00,3.898543689320388417e+00,9.981832383999972080e+00
5.916675539264614869e+00,-3.014926545073198128e+00,-1.517940370131406924e+00,3.898300970873786575e+00,1.000349091199950635e+01
5.911540688289545820e+00,-3.094567677873951261e+00,-1.529205302897718832e+00,3.898058252427184289e+00,1.002573910399951274e+01
5.918020525946634081e+00,-3.189036380803331294e+00,-1.575114365960374130e+00,3.897572815533980606e+00,1.005020921599952999e+01
5.909536849325126795e+00,-3.294040354139699645e+00,-1.585870462146500071e+00,3.898058252427184289e+00,1.006256444799964811e+01
5.900220488968143329e+00,-3.376075205582204752e+00,-1.602774908166901380e+00,3.889563106796116720e+00,1.007871619199977431e+01
5.891289628026434855e+00,-3.445687477357987749e+00,-1.620246989001066007e+00,3.844902912621359192e+00,1.009460336000029201e+01
5.888789799054769958e+00,-3.519732323036870447e+00,-1.713163072386853170e+00,3.856067961165048352e+00,1.011505577600019024e+01
5.879476416361959501e+00,-3.582121346695722242e+00,-1.731492678687768683e+00,3.832038834951456252e+00,1.013594985599956999e+01
5.870271259963179666e+00,-3.636815716029353496e+00,-1.745195210765661864e+00,3.799271844660194297e+00,1.015474335999988398e+01
5.850072431796434991e+00,-3.699757520072274097e+00,-1.775966859714901647e+00,3.799029126213592011e+00,1.017306342400024732e+01
5.831273635684891765e+00,-3.764908946015933733e+00,-1.791175854370473219e+00,3.772087378640776478e+00,1.019315951999942627e+01
5.814898714396108836e+00,-3.845881892650960587e+00,-1.815017392127530771e+00,3.771844660194174637e+00,1.021521971199945256e+01
5.788402575514700388e+00,-3.928398176213855564e+00,-1.898412066169903101e+00,3.733737864077669943e+00,1.023671696000019438e+01
5.769372815965568613e+00,-3.989543749265596073e+00,-1.914445478050759819e+00,3.699757281553397892e+00,1.025671241599957284e+01
5.751340746485253952e+00,-4.044668949674277592e+00,-1.928778827214397973e+00,3.709708737864077843e+00,1.027531884800009720e+01
5.737261453490574148e+00,-4.091466497803339486e+00,-1.942692269169326247e+00,3.668446601941747431e+00,1.029470502399999532e+01
5.713207824468225837e+00,-4.147864023833645497e+00,-2.031165461024133201e+00,3.676941747572815444e+00,1.031052649599951110e+01
5.680939348811753220e+00,-4.226003263687395872e+00,-2.060872236803449997e+00,3.645145631067961300e+00,1.033644688000003953e+01
5.661145164070489955e+00,-4.276504466191922482e+00,-2.078447123486435455e+00,3.641747572815534184e+00,1.035619683200002328e+01
5.616496476816128514e+00,-4.346971916067745134e+00,-2.111736726654402485e+00,3.599271844660194120e+00,1.037838483199993789e+01
5.582772966023577865e+00,-4.412631678737636065e+00,-2.134426634935955747e+00,3.606796116504854322e+00,1.039888297600009537e+01
5.558659828190235963e+00,-4.459790383360184407e+00,-2.154977366685542517e+00,3.561165048543689426e+00,1.042153273599979002e+01
5.498140181513623936e+00,-4.536072173860411283e+00,-2.205006140736438081e+00,3.529611650485436680e+00,1.043862531200011290e+01
5.452990865903898587e+00,-4.594214212960632260e+00,-2.230352412625498548e+00,3.542475728155339620e+00,1.045656192000024021e+01
5.422580638161998756e+00,-4.636580144859371089e+00,-2.250180191643926797e+00,3.505339805825242738e+00,1.047764278399972682e+01
5.399114649853786752e+00,-4.673583740748852300e+00,-2.270486019955741952e+00,3.506067961165048708e+00,1.049535308800022904e+01
5.331608839468089833e+00,-4.733829716401650067e+00,-2.323863112355752047e+00,3.504368932038834927e+00,1.051650607999999920e+01
5.283868832370973934e+00,-4.778032142413208838e+00,-2.352848594582808595e+00,3.497087378640776567e+00,1.053819833600027778e+01
5.250477069321230594e+00,-4.817601990820277180e+00,-2.371872344900779250e+00,3.481796116504854322e+00,1.055887644799986447e+01
5.179113341239777846e+00,-4.876885339727478730e+00,-2.446435592048710195e+00,3.474757281553398247e+00,1.058117091199983406e+01
5.122996525335403284e+00,-4.917502356419400478e+00,-2.472673994949903253e+00,3.464320388349514612e+00,1.059648601600019902e+01
5.083730547274980083e+00,-4.948385921534535825e+00,-2.491478844136391757e+00,3.454611650485436947e+00,1.061542998400000215e+01
5.023288722068849133e+00,-4.999040974600773346e+00,-2.541903421983957578e+00,3.441747572815534006e+00,1.063644563199977711e+01
4.976533643563902487e+00,-5.041412500440321409e+00,-2.569765355206399260e+00,3.426699029126213603e+00,1.066249779200006742e+01
4.944148717627955492e+00,-5.073909389378178147e+00,-2.590023851348146167e+00,3.422572815533980517e+00,1.067846934399949532e+01
4.917380449060681613e+00,-5.096969434823632739e+00,-2.608811139750551344e+00,3.418689320388349717e+00,1.069858300800024153e+01
4.878154347922109224e+00,-5.124858159392147172e+00,-2.622126100353248557e+00,3.412864077669902851e+00,1.071770441599983315e+01
4.835767322056705453e+00,-5.157650326505377691e+00,-2.641010861452838920e+00,3.411893203883495040e+00,1.074151152000013099e+01
4.801553191777410134e+00,-5.180833299115206181e+00,-2.657061908037114506e+00,3.407281553398058271e+00,1.075710540799991577e+01
4.725920415801271091e+00,-5.211505672963200553e+00,-2.765360680025317208e+00,3.410922330097087229e+00,1.077974588799952471e+01
4.663133025719595537e+00,-5.230469651132843900e+00,-2.788482528776178526e+00,3.409466019417475735e+00,1.079469603199959238e+01
4.617329337214367335e+00,-5.243630377192444847e+00,-2.806352947601394643e+00,3.417961165048543748e+00,1.081527523200020369e+01
4.541990240398149581e+00,-5.266316138818393000e+00,-2.833476224053469661e+00,3.426699029126213603e+00,1.083731398399959289e+01
4.484044125993128738e+00,-5.282162246661041394e+00,-2.853298019532005458e+00,3.431553398058252213e+00,1.085709734400006710e+01
4.449370040641413837e+00,-5.291910620370922302e+00,-2.859801176144906254e+00,3.443203883495145501e+00,1.087768707200029894e+01
4.419172433352565932e+00,-5.297924264469172861e+00,-2.870884392395860019e+00,3.442233009708737690e+00,1.089800476799973694e+01
4.364930972963218636e+00,-5.308290568975738921e+00,-2.902170394906718354e+00,3.448786407766990081e+00,1.091799657599949569e+01
4.326409127649868402e+00,-5.316267746152229634e+00,-2.914668923791804200e+00,3.470145631067961034e+00,1.093469497600017348e+01
4.293440945200130088e+00,-5.321296688481530701e+00,-2.924495197176908867e+00,3.465291262135922423e+00,1.095485232000010001e+01
4.194706669992466885e+00,-5.327087528839969721e+00,-2.972913759807167988e+00,3.472572815533980783e+00,1.098118895999959932e+01
4.124421839038431514e+00,-5.326013312902914798e+00,-2.990094763415354073e+00,3.489563106796116365e+00,1.100003468799968687e+01
4.068992446443540523e+00,-5.326075797738225148e+00,-3.006004411361654416e+00,3.521601941747572795e+00,1.102901926399954391e+01
3.983967664369701289e+00,-5.330991354340678612e+00,-3.102482736931794882e+00,3.519174757281553489e+00,1.105083654400004889e+01
3.922288321009159695e+00,-5.329448399562830119e+00,-3.118173251416012093e+00,3.532038834951456430e+00,1.107502812799975800e+01
3.876612758910866763e+00,-5.324806131583230240e+00,-3.129452561838902636e+00,3.553640776699029225e+00,1.109497366399955354e+01
3.752782915581991396e+00,-5.319484284879750113e+00,3.056983749775100456e+00,3.570145631067961123e+00,1.111440508800023963e+01
3.702398224012135142e+00,-5.314430138424344641e+00,3.043189689819523203e+00,3.589805825242718296e+00,1.113252319999992324e+01
3.655604100799720868e+00,-5.306007613377457410e+00,3.033053089973298810e+00,3.605582524271844669e+00,1.115784348800025327e+01
3.573115588288278133e+00,-5.290449496783718786e+00,2.928800634446301121e+00,3.635679611650485477e+00,1.117647145599948999e+01
3.506264453368812095e+00,-5.274584042011380980e+00,2.916445672064042149e+00,3.641747572815534184e+00,1.119667036800001370e+01
3.449457859066154430e+00,-5.258585903757804658e+00,2.908956872765687152e+00,3.654368932038834838e+00,1.122298768000018754e+01
3.370953511220952770e+00,-5.231437492108242715e+00,2.854595422323279230e+00,3.672330097087378675e+00,1.123973232000025746e+01
3.285081180482203322e+00,-5.200483662971364218e+00,2.841080962003347921e+00,3.705825242718446599e+00,1.126157689599949663e+01
3.234170060657214130e+00,-5.182214619711822401e+00,2.830780283988850066e+00,3.711407766990291179e+00,1.127634278400000767e+01
3.195174836571536225e+00,-5.164740065430287963e+00,2.822828135963463936e+00,3.720388349514563320e+00,1.129712131199994474e+01
3.119189390562703057e+00,-5.133867697490297921e+00,2.725198857814445486e+00,3.740533980582524176e+00,1.131749654400027794e+01
3.060234406967784260e+00,-5.104735467245299141e+00,2.710476504599459879e+00,3.759223300970873982e+00,1.133590755200020794e+01
3.011872528557634432e+00,-5.081183541893642186e+00,2.702614052771105779e+00,3.772087378640776478e+00,1.135916188800001692e+01
2.934963738058047333e+00,-5.039184355235724055e+00,2.688288325289073910e+00,3.786165048543689515e+00,1.138202000000001135e+01
2.871790112448963761e+00,-5.004163430196635787e+00,2.671075950597413318e+00,3.808252427184465994e+00,1.139783996799997112e+01
2.829699656272255837e+00,-4.979158387640332251e+00,2.654403554629376938e+00,3.815533980582524354e+00,1.142283497599964903e+01
2.751256562071074274e+00,-4.934294193568682374e+00,2.581771482608468560e+00,3.825242718446602019e+00,1.144738518400026805e+01
2.697518341115745955e+00,-4.894968046642914850e+00,2.564478652487158339e+00,3.834708737864077843e+00,1.146231497600001603e+01
2.654311551738434805e+00,-4.861285347755887720e+00,2.549508373929985972e+00,3.842475728155339887e+00,1.147723817599944596e+01
2.621978550762200655e+00,-4.835676583480581492e+00,2.538916789208639724e+00,3.849029126213592278e+00,1.149692185599997174e+01
2.550880398475229960e+00,-4.787826726989954373e+00,2.508330458676510499e+00,3.856796116504854322e+00,1.152096563200029777e+01
2.498674127080998453e+00,-4.747689689262146295e+00,2.484928148629879097e+00,3.861407766990291091e+00,1.154195539200009080e+01
2.457402809283687706e+00,-4.710875811450460304e+00,2.468164869196391553e+00,3.865048543689320493e+00,1.155849276800017833e+01
2.388580218504643415e+00,-4.651179561604449120e+00,2.396628413862007534e+00,3.869902912621359103e+00,1.157682988800024759e+01
2.341184037896584691e+00,-4.596146753634361204e+00,2.372401242509416530e+00,3.874029126213592189e+00,1.159697116799998184e+01
2.304158981594739419e+00,-4.550721094339338357e+00,2.355618126284031444e+00,3.877912621359223433e+00,1.161523084799955541e+01
2.235421739346104442e+00,-4.483100272171389733e+00,2.292093130382430122e+00,3.878398058252427116e+00,1.163693510400025843e+01
2.187849778138482026e+00,-4.418194568350729767e+00,2.271195384439860465e+00,3.882766990291262044e+00,1.165546223999990616e+01
2.154945046499348926e+00,-4.366662383735477881e+00,2.265244036310089637e+00,3.883252427184466171e+00,1.168114848000004713e+01
2.132688290261625763e+00,-4.326141436559868936e+00,2.260380101475380155e+00,3.885922330097087318e+00,1.170743769599994266e+01
2.075366348612940115e+00,-4.261269018205020132e+00,2.215534271868282890e+00,3.886893203883495129e+00,1.172972726399984822e+01
2.017774148759313935e+00,-4.188822952756182438e+00,2.211716209672843547e+00,3.887864077669902940e+00,1.174808896000013192e+01
1.987473076536165006e+00,-4.141272472103337599e+00,2.212098975254227717e+00,3.889563106796116720e+00,1.175868371199976536e+01
1.939056276744986596e+00,-4.055318967831373911e+00,2.157383730094933227e+00,3.890776699029126373e+00,1.178594108800007234e+01
1.907772157783862443e+00,-3.988829495570436201e+00,2.162788199377875031e+00,3.892961165048543837e+00,1.181210265600020648e+01
1.885231701359674439e+00,-3.945797605069170988e+00,2.171820560672132583e+00,3.893689320388349362e+00,1.183164659199974267e+01
1.814559837813019882e+00,-3.873763248621448607e+00,2.090238257270876865e+00,3.896601941747572795e+00,1.184936870399997133e+01
1.778971179291398252e+00,-3.818352502740624210e+00,2.104907165277042580e+00,3.898058252427184289e+00,1.186520726399976411e+01
1.757987427420103277e+00,-3.782422673066462071e+00,2.116775311615884725e+00,3.901941747572815533e+00,1.188238908800030913e+01
1.740071428843116941e+00,-3.746145545498651863e+00,2.133767333005200495e+00,3.901941747572815533e+00,1.190025913599947671e+01
1.687137925665622262e+00,-3.685109940106461313e+00,2.071157336471625587e+00,3.903640776699029313e+00,1.192526233599983243e+01
1.665676472454281631e+00,-3.643490209840604344e+00,2.077307819979105741e+00,3.903883495145631155e+00,1.194362422399990464e+01
1.651495569128395680e+00,-3.602402012122465802e+00,2.095198444688048944e+00,3.904854368932038966e+00,1.195988611200027663e+01
1.590299518765092790e+00,-3.511849129628026311e+00,2.079080993732774107e+00,3.905825242718446777e+00,1.197870656000031886e+01
1.549815078560911275e+00,-3.463264760764366290e+00,2.086100869690323822e+00,3.907038834951456430e+00,1.199372518400014087e+01
1.511924124055417762e+00,-3.406076221441742380e+00,2.094274167394873931e+00,3.907524271844660113e+00,1.201641344000017853e+01
1.488944258243406482e+00,-3.373246823398326377e+00,2.104400946619882973e+00,3.909466019417475735e+00,1.203648633600005269e+01
1.450166863752671009e+00,-3.304272171061301222e+00,2.110755486158911953e+00,3.910436893203883546e+00,1.205520182399959594e+01
1.425684598556747673e+00,-3.256337732824099440e+00,2.121980702901743232e+00,3.911893203883495040e+00,1.208503033600027265e+01
1.397676447097479624e+00,-3.210629764416298659e+00,2.132229751089159464e+00,3.912621359223301010e+00,1.210940758400010964e+01
1.335546407533638957e+00,-3.139377146373319771e+00,2.202955688562457937e+00,3.911407766990291357e+00,1.213008105599965347e+01
1.284039567432718965e+00,-3.085031900185073894e+00,2.209452126178486520e+00,3.912378640776699168e+00,1.215715315200031910e+01
1.262867424953151962e+00,-3.054660317791978663e+00,2.216198539584367300e+00,3.910679611650485388e+00,1.218028316799973254e+01
1.214993096244123771e+00,-2.979837011486871745e+00,2.294328479503196405e+00,3.908495145631067924e+00,1.220096767999984877e+01
1.184106501339040163e+00,-2.938495272484570098e+00,2.306169868316971794e+00,3.906310679611650460e+00,1.222080518399980065e+01
1.158344907155231640e+00,-2.903878739747908888e+00,2.313904441899846454e+00,3.905097087378640808e+00,1.224829561600017769e+01
1.052727517862669160e+00,-2.803593786080373462e+00,2.413698388530448380e+00,3.900970873786407722e+00,1.227518246399995405e+01
1.017541515432040189e+00,-2.776965213169312996e+00,2.415378645703606608e+00,3.895145631067961300e+00,1.229690259200015134e+01
9.448975258487569695e-01,-2.728222058154267327e+00,2.508264754178728406e+00,3.894902912621359015e+00,1.231731324799966387e+01
8.653361197698051788e-01,-2.678805379506316253e+00,2.509761342699261100e+00,3.891262135922330057e+00,1.233888912000020355e+01
8.126325852777845915e-01,-2.648591623830402142e+00,2.505298028698800472e+00,3.892475728155339709e+00,1.235559318400009943e+01
7.652588412366607695e-01,-2.625385713221686679e+00,2.498133335617958917e+00,3.889805825242718562e+00,1.238016934400002356e+01
6.953742212757023644e-01,-2.583457840432871855e+00,2.597725079410462268e+00,3.888834951456310751e+00,1.240226505600003293e+01
6.164558192090026090e-01,-2.540698671239247197e+00,2.586879721434051760e+00,3.887621359223301098e+00,1.242252726399965468e+01
4.621763759835099128e-01,-2.462688404867679370e+00,2.718277258119751849e+00,3.885679611650485477e+00,1.244823174399971322e+01
3.905816112738098034e-01,-2.439879266423944149e+00,2.697591046331369480e+00,3.882766990291262044e+00,1.246916233599949919e+01
3.398168415989941127e-01,-2.418039688818550026e+00,2.680712667753367029e+00,3.858980582524271785e+00,1.248575264000010066e+01
2.925709318803702552e-01,-2.400834724935809739e+00,2.660514243778715482e+00,3.798058252427184645e+00,1.250181292799970834e+01
2.142375415512210723e-01,-2.370536670945829094e+00,2.795532452223783881e+00,3.714805825242718296e+00,1.251811843199993746e+01
1.583000486236413595e-01,-2.350828736795694152e+00,2.774458842243423096e+00,3.666504854368932254e+00,1.254198287999952299e+01
1.159104080451097141e-01,-2.339382146687269515e+00,2.751667598046132923e+00,3.599029126213592278e+00,1.256566694399953121e+01
3.925457028807457366e-02,-2.313650360995977540e+00,2.899947830834592288e+00,3.599029126213592278e+00,1.258310239999991609e+01
-2.049108200032444260e-02,-2.301987973750108996e+00,2.876581386737355750e+00,3.564805825242718385e+00,1.260475660799966136e+01
-6.769053552701508047e-02,-2.289240267375312943e+00,2.847846733186089274e+00,3.488106796116504871e+00,1.262147702399943228e+01
-1.675536804951744674e-01,-2.266225315121728645e+00,2.986484989087029085e+00,3.478155339805825363e+00,1.263649529600024835e+01
-2.291813252514659505e-01,-2.257530344804799860e+00,2.953470535622106485e+00,3.405582524271844491e+00,1.265199494399985269e+01
-2.924307557656861123e-01,-2.243507345071261483e+00,2.906997035591748713e+00,3.391504854368931898e+00,1.267462124800022139e+01
-3.294792723619526242e-01,-2.235036349325866922e+00,2.882519810896410295e+00,3.336407766990291179e+00,1.269777654399968014e+01
-4.112330458483998696e-01,-2.215691712554926696e+00,2.967774010266410745e+00,3.273300970873786575e+00,1.271588140800031397e+01
-4.656588706493300922e-01,-2.204550725397901534e+00,2.930287212584814505e+00,3.258009708737863885e+00,1.274141273599980195e+01
-5.055382093235353258e-01,-2.192907279319413760e+00,2.894790007491989225e+00,3.239320388349514523e+00,1.276803347199984273e+01
-5.915839071902688762e-01,-2.170327641867391133e+00,2.956978041996782380e+00,3.162864077669902851e+00,1.277834377599992877e+01
-6.438533005278277432e-01,-2.158370860096027410e+00,2.922918055973456219e+00,3.149514563106796228e+00,1.280266691199994966e+01
-7.007721674416937940e-01,-2.141514317776626264e+00,2.876274663721852143e+00,3.073786407766990081e+00,1.283183116799955314e+01
-7.640133652958212007e-01,-2.114785099465801288e+00,2.883316675384430816e+00,3.074271844660194208e+00,1.284220975999960501e+01
-8.143558717943115699e-01,-2.090164763890816957e+00,2.842652403972503627e+00,3.064563106796116543e+00,1.286973328000021866e+01
-8.543588704565274750e-01,-2.069305496419605817e+00,2.809141007687775193e+00,3.020631067961164984e+00,1.289097689600021113e+01
-9.128684094081938039e-01,-2.067809742239441029e+00,2.732513538498231309e+00,3.004854368932039055e+00,1.290856364799947187e+01
-9.558515257285015165e-01,-2.060165567210449300e+00,2.702133904687854749e+00,2.989077669902912682e+00,1.293150684800002637e+01
-9.804100846981469441e-01,-2.053726749635507609e+00,2.686089314391930216e+00,2.955582524271844758e+00,1.294123974400008592e+01
-1.007062398551362259e+00,-2.042006771543790400e+00,2.666508628050038965e+00,2.941747572815534006e+00,1.297042412799964950e+01
-1.053491364580829925e+00,-2.025588187036422738e+00,2.618654496910386875e+00,2.926213592233009919e+00,1.299732860800031631e+01
-1.086269233302523229e+00,-2.009184004001606461e+00,2.594830521720566274e+00,2.912135922330096882e+00,1.301773110399972211e+01
-1.145069861712760595e+00,-1.969869504610857414e+00,2.553802094582450444e+00,2.861165048543689249e+00,1.303551107200019032e+01
-1.191841896639172393e+00,-1.935916170748352094e+00,2.478015872460466618e+00,2.853640776699029047e+00,1.306107999999949243e+01
-1.211142698188603317e+00,-1.907159282893386543e+00,2.452996040507366526e+00,2.848058252427184467e+00,1.308844182400025602e+01
-1.256464112834448699e+00,-1.863539571057857946e+00,2.374787437323522710e+00,2.833252427184465905e+00,1.311285263999980089e+01
-1.294747282986628667e+00,-1.817090771599421117e+00,2.345316892812080667e+00,2.825000000000000178e+00,1.312559273599981680e+01
-1.311777403629904137e+00,-1.796093561367510416e+00,2.331269627397866806e+00,2.823300970873786397e+00,1.314304310399984388e+01
-1.329214044714708054e+00,-1.768898357619573591e+00,2.315350395021305019e+00,2.815533980582524354e+00,1.316113216000030661e+01
-1.365336812308286740e+00,-1.726553526846875908e+00,2.234677633420344645e+00,2.817961165048543659e+00,1.318178687999989052e+01
-1.388194612257476868e+00,-1.685290131710349470e+00,2.209576458470507543e+00,2.821359223300970775e+00,1.319766921599966736e+01
-1.407510142937435482e+00,-1.650726121440379224e+00,2.189711272013338927e+00,2.817718446601941817e+00,1.322120384000027116e+01
-1.442092061780127610e+00,-1.597532439431010642e+00,2.107520045593059166e+00,2.815048543689320226e+00,1.325575811199996679e+01
-1.465250866405334085e+00,-1.548361025303217842e+00,2.076728196288621486e+00,2.816019417475728037e+00,1.328397328000028210e+01
-1.492550856885640043e+00,-1.457128104984597883e+00,2.036404579204642129e+00,2.811650485436893110e+00,1.331587356799991539e+01
-1.516478329603733632e+00,-1.397821512191477433e+00,1.948821821282340272e+00,2.811407766990291268e+00,1.334415110400004778e+01
-1.539237431245639165e+00,-1.275238572624506794e+00,1.898179837209113208e+00,2.815776699029126195e+00,1.337648256000011315e+01
-1.547796157667483685e+00,-1.200735362326080580e+00,1.802688781041184907e+00,2.811165048543689426e+00,1.339964921599948866e+01
-1.550808311511931992e+00,-1.104562589178413878e+00,1.772471475712300792e+00,2.811650485436893110e+00,1.342773456000031729e+01
-1.556944723190018420e+00,-1.036608771402524276e+00,1.670621065617297729e+00,2.805339805825242561e+00,1.345352534399989963e+01
-1.548177003816064712e+00,-9.644595627119212367e-01,1.653402153089142956e+00,2.812621359223300921e+00,1.347137411199946655e+01
-1.540306060335098426e+00,-8.962725722716858856e-01,1.632762317485342507e+00,2.814805825242718385e+00,1.349340150399984850e+01
-1.533307743498437015e+00,-8.157309635626250888e-01,1.519856760156302666e+00,2.814320388349514701e+00,1.351640444799977558e+01
-1.521157829865909195e+00,-7.597482956029633083e-01,1.500098981782281182e+00,2.815291262135922512e+00,1.353402511999956914e+01
-1.511501011619667878e+00,-7.181587350756944987e-01,1.484072056075102619e+00,2.817475728155339976e+00,1.354605929599983938e+01
-1.503987479677075800e+00,-6.796080169708235141e-01,1.469246918390451517e+00,2.819660194174757439e+00,1.357123283199962316e+01
-1.491692743284901868e+00,-6.268055176902713743e-01,1.355042722379827813e+00,2.822572815533980428e+00,1.359884588800014171e+01
-1.479018356209867324e+00,-5.702769855351038641e-01,1.331015609462804283e+00,2.831796116504854410e+00,1.361658489599994937e+01
-1.421392538632265667e+00,-4.441110340084052366e-01,1.211516630022298591e+00,2.845145631067961034e+00,1.363983062399984192e+01
-1.389074383164069948e+00,-3.994378631530817181e-01,1.190742497960018964e+00,2.843689320388349540e+00,1.366384031999950821e+01
-1.365351306873823445e+00,-3.544447364809403811e-01,1.167812374733176339e+00,2.857766990291262132e+00,1.369365551999999298e+01
-1.325167285326186883e+00,-2.952880248349238901e-01,1.077525379644086234e+00,2.860436893203883280e+00,1.371963062400027411e+01
-1.279828885776184144e+00,-2.384211755531595867e-01,1.048038434752173620e+00,2.876213592233009653e+00,1.375027849599973706e+01
-1.211918564266945886e+00,-1.312715197680754675e-01,9.986765437233307008e-01,2.876213592233009653e+00,1.377135260799968819e+01
-1.159020533612355131e+00,-7.548159921463580557e-02,9.217733362231521621e-01,2.886165048543689160e+00,1.378927167999972880e+01
-1.124199331493459075e+00,-3.560459162522554288e-02,8.987288343531366630e-01,2.909708737864077577e+00,1.381622169599995686e+01
-1.086557700103691682e+00,-4.080054004299520434e-03,8.796302072299205799e-01,2.921116504854369023e+00,1.383364652799991745e+01
-1.019515710409592213e+00,5.969333985781735685e-02,7.721454638596598752e-01,2.938834951456310574e+00,1.384573660800015205e+01
